,총 주차대수,난방,주소(도로),주소(지번),층 수,용적률,건폐율,평형대,건설사,관리사무소,경도,위도,0.공급/전용,0.방수/욕실수,0.해당면적 세대수,0.현관구조,1.공급/전용,1.방수/욕실수,1.해당면적 세대수,1.현관구조,2.공급/전용,2.방수/욕실수,2.해당면적 세대수,2.현관구조,3.공급/전용,3.방수/욕실수,3.해당면적 세대수,3.현관구조,articleName,4.공급/전용,4.방수/욕실수,4.해당면적 세대수,4.현관구조,5.공급/전용,5.방수/욕실수,5.해당면적 세대수,5.현관구조,6.공급/전용,6.방수/욕실수,6.해당면적 세대수,6.현관구조,7.공급/전용,7.방수/욕실수,7.해당면적 세대수,7.현관구조,8.공급/전용,8.방수/욕실수,8.해당면적 세대수,8.현관구조,9.공급/전용,9.방수/욕실수,9.해당면적 세대수,9.현관구조,10.공급/전용,10.방수/욕실수,10.해당면적 세대수,10.현관구조,11.공급/전용,11.방수/욕실수,11.해당면적 세대수,11.현관구조,12.공급/전용,12.방수/욕실수,12.해당면적 세대수,12.현관구조,13.공급/전용,13.방수/욕실수,13.해당면적 세대수,13.현관구조,14.공급/전용,14.방수/욕실수,14.해당면적 세대수,14.현관구조,15.공급/전용,15.방수/욕실수,15.해당면적 세대수,15.현관구조,16.공급/전용,16.방수/욕실수,16.해당면적 세대수,16.현관구조,17.공급/전용,17.방수/욕실수,17.해당면적 세대수,17.현관구조,18.공급/전용,18.방수/욕실수,18.해당면적 세대수,18.현관구조,19.공급/전용,19.방수/욕실수,19.해당면적 세대수,19.현관구조,20.공급/전용,20.방수/욕실수,20.해당면적 세대수,20.현관구조,21.공급/전용,21.방수/욕실수,21.해당면적 세대수,21.현관구조,22.공급/전용,22.방수/욕실수,22.해당면적 세대수,22.현관구조,23.공급/전용,23.방수/욕실수,23.해당면적 세대수,23.현관구조,24.공급/전용,24.방수/욕실수,24.해당면적 세대수,24.현관구조,25.공급/전용,25.방수/욕실수,25.해당면적 세대수,25.현관구조,26.공급/전용,26.방수/욕실수,26.해당면적 세대수,26.현관구조,27.공급/전용,27.방수/욕실수,27.해당면적 세대수,27.현관구조,28.공급/전용,28.방수/욕실수,28.해당면적 세대수,28.현관구조,29.공급/전용,29.방수/욕실수,29.해당면적 세대수,29.현관구조,30.공급/전용,30.방수/욕실수,30.해당면적 세대수,30.현관구조,31.공급/전용,31.방수/욕실수,31.해당면적 세대수,31.현관구조,32.공급/전용,32.방수/욕실수,32.해당면적 세대수,32.현관구조,33.공급/전용,33.방수/욕실수,33.해당면적 세대수,33.현관구조,34.공급/전용,34.방수/욕실수,34.해당면적 세대수,34.현관구조,35.공급/전용,35.방수/욕실수,35.해당면적 세대수,35.현관구조,36.공급/전용,36.방수/욕실수,36.해당면적 세대수,36.현관구조,37.공급/전용,37.방수/욕실수,37.해당면적 세대수,37.현관구조,38.공급/전용,38.방수/욕실수,38.해당면적 세대수,38.현관구조,39.공급/전용,39.방수/욕실수,39.해당면적 세대수,39.현관구조,40.공급/전용,40.방수/욕실수,40.해당면적 세대수,40.현관구조,41.공급/전용,41.방수/욕실수,41.해당면적 세대수,41.현관구조,42.공급/전용,42.방수/욕실수,42.해당면적 세대수,42.현관구조,43.공급/전용,43.방수/욕실수,43.해당면적 세대수,43.현관구조,44.공급/전용,44.방수/욕실수,44.해당면적 세대수,44.현관구조,45.공급/전용,45.방수/욕실수,45.해당면적 세대수,45.현관구조,46.공급/전용,46.방수/욕실수,46.해당면적 세대수,46.현관구조,47.공급/전용,47.방수/욕실수,47.해당면적 세대수,47.현관구조,48.공급/전용,48.방수/욕실수,48.해당면적 세대수,48.현관구조,49.공급/전용,49.방수/욕실수,49.해당면적 세대수,49.현관구조,50.공급/전용,50.방수/욕실수,50.해당면적 세대수,50.현관구조,51.공급/전용,51.방수/욕실수,51.해당면적 세대수,51.현관구조,52.공급/전용,52.방수/욕실수,52.해당면적 세대수,52.현관구조,53.공급/전용,53.방수/욕실수,53.해당면적 세대수,53.현관구조,54.공급/전용,54.방수/욕실수,54.해당면적 세대수,54.현관구조,55.공급/전용,55.방수/욕실수,55.해당면적 세대수,55.현관구조,56.공급/전용,56.방수/욕실수,56.해당면적 세대수,56.현관구조,57.공급/전용,57.방수/욕실수,57.해당면적 세대수,57.현관구조,58.공급/전용,58.방수/욕실수,58.해당면적 세대수,58.현관구조,59.공급/전용,59.방수/욕실수,59.해당면적 세대수,59.현관구조,60.공급/전용,60.방수/욕실수,60.해당면적 세대수,60.현관구조
0,1303대(세대당 1.44),"HT005, HF002",세종시 세종시 마음로 181,세종시 세종시 고운동 1400,8층/18층,146%,16%,"95B㎡, 95A㎡, 111㎡, 140",(주)라인건설,044-865-9978,127.227757,36.513918,95.49/72.49,3개/2개,192세대,계단식,95.49/72.49,3개/2개,129세대,계단식,111.37/84.98,4개/2개,297세대,계단식,140.41/107.69,3개/2개,282세대,계단식,가락10단지이지더원,,,,,,,,,,,,,,,,,,,,,,,,,,,,,,,,,,,,,,,,,,,,,,,,,,,,,,,,,,,,,,,,,,,,,,,,,,,,,,,,,,,,,,,,,,,,,,,,,,,,,,,,,,,,,,,,,,,,,,,,,,,,,,,,,,,,,,,,,,,,,,,,,,,,,,,,,,,,,,,,,,,,,,,,,,,,,,,,,,,,,,,,,,,,,,,,,,,,,,,,,,,,,,,,,,,,,,,,,,,,,,,,,,,,
0,769대(세대당 1.26),"HT005, HF002",세종시 세종시 마음로 152,세종시 세종시 고운동 1409,21층/29층,178%,13%,"81㎡, 99㎡, 113",중흥토건(주),044-862-0046,127.230605,36.511722,81.84/59.99,3개/2개,323세대,계단식,99.15/73.71,3개/2개,145세대,계단식,113.97/84.98,3개/2개,139세대,계단식,,,,,가락11단지중흥S-클래스에듀카운티,,,,,,,,,,,,,,,,,,,,,,,,,,,,,,,,,,,,,,,,,,,,,,,,,,,,,,,,,,,,,,,,,,,,,,,,,,,,,,,,,,,,,,,,,,,,,,,,,,,,,,,,,,,,,,,,,,,,,,,,,,,,,,,,,,,,,,,,,,,,,,,,,,,,,,,,,,,,,,,,,,,,,,,,,,,,,,,,,,,,,,,,,,,,,,,,,,,,,,,,,,,,,,,,,,,,,,,,,,,,,,,,,,,,
0,623대(세대당 1.27),"HT005, HF002",세종시 세종시 마음로 182,세종시 세종시 고운동 1401,15층/29층,181%,14%,"79B㎡, 80A㎡, 112",(주)대광건영,044-863-6736,127.230433,36.513855,79.95/59.46,3개/2개,61세대,계단식,80.59/59.65,3개/2개,159세대,계단식,112.77/84.6,4개/2개,270세대,계단식,,,,,가락13단지대광로제비앙,,,,,,,,,,,,,,,,,,,,,,,,,,,,,,,,,,,,,,,,,,,,,,,,,,,,,,,,,,,,,,,,,,,,,,,,,,,,,,,,,,,,,,,,,,,,,,,,,,,,,,,,,,,,,,,,,,,,,,,,,,,,,,,,,,,,,,,,,,,,,,,,,,,,,,,,,,,,,,,,,,,,,,,,,,,,,,,,,,,,,,,,,,,,,,,,,,,,,,,,,,,,,,,,,,,,,,,,,,,,,,,,,,,,
0,478대(세대당 1.64),"HT005, HF002",세종시 세종시 마음안로 131,세종시 세종시 고운동 1403,23층/28층,175%,16%,"131㎡, 131T㎡, 144A㎡, 144B㎡, 144T㎡, 148",(주)우남건설,044-868-4768,127.232032,36.51388,131.85/107.59,3개/2개,176세대,계단식,131.85/107.59,3개/2개,8세대,계단식,144.81/117.89,4개/2개,78세대,계단식,144.81/117.89,4개/2개,6세대,계단식,가락14단지우남퍼스트빌2차,144.81/117.89,4개/2개,4세대,계단식,148.29/120.6,4개/2개,18세대,계단식,,,,,,,,,,,,,,,,,,,,,,,,,,,,,,,,,,,,,,,,,,,,,,,,,,,,,,,,,,,,,,,,,,,,,,,,,,,,,,,,,,,,,,,,,,,,,,,,,,,,,,,,,,,,,,,,,,,,,,,,,,,,,,,,,,,,,,,,,,,,,,,,,,,,,,,,,,,,,,,,,,,,,,,,,,,,,,,,,,,,,,,,,,,,,,,,,,,,,,,,,,,,,,,,,,,,,,,,,,,,
0,454대(세대당 1.24),"HT005, HF002",세종시 세종시 마음안로 190,세종시 세종시 고운동 1393,12층/18층,145%,17%,"80㎡, 98㎡, 112",중흥건설(주),044-868-0288,127.236874,36.516699,80.63/59.99,3개/2개,140세대,계단식,98.19/73.98,3개/2개,105세대,계단식,112.42/84.98,3개/2개,120세대,계단식,,,,,가락15단지중흥S-클래스파크뷰,,,,,,,,,,,,,,,,,,,,,,,,,,,,,,,,,,,,,,,,,,,,,,,,,,,,,,,,,,,,,,,,,,,,,,,,,,,,,,,,,,,,,,,,,,,,,,,,,,,,,,,,,,,,,,,,,,,,,,,,,,,,,,,,,,,,,,,,,,,,,,,,,,,,,,,,,,,,,,,,,,,,,,,,,,,,,,,,,,,,,,,,,,,,,,,,,,,,,,,,,,,,,,,,,,,,,,,,,,,,,,,,,,,,
0,572대(세대당 1.23),"HT005, HF002",세종시 세종시 만남로 187,세종시 세종시 고운동 1395,15층/29층,178%,14%,"83A㎡, 83C㎡, 84B㎡, 111A㎡, 111B㎡, 111C",주식회사한양,044-866-7684,127.23859,36.51588,83.51/59.99,3개/2개,121세대,계단식,83.63/59.99,3개/2개,4세대,계단식,84.01/59.83,3개/2개,46세대,계단식,111.78/84.87,3개/2개,204세대,계단식,가락16단지한양수자인에듀그린,111.49/84.86,3개/2개,84세대,계단식,111.89/84.87,3개/2개,4세대,계단식,,,,,,,,,,,,,,,,,,,,,,,,,,,,,,,,,,,,,,,,,,,,,,,,,,,,,,,,,,,,,,,,,,,,,,,,,,,,,,,,,,,,,,,,,,,,,,,,,,,,,,,,,,,,,,,,,,,,,,,,,,,,,,,,,,,,,,,,,,,,,,,,,,,,,,,,,,,,,,,,,,,,,,,,,,,,,,,,,,,,,,,,,,,,,,,,,,,,,,,,,,,,,,,,,,,,,,,,,,,,
0,630대(세대당 1.24),"HT005, HF002",세종시 세종시 마음안1로 167,세종시 세종시 고운동 1386,11층/18층,146%,16%,"82A㎡, 82B㎡, 82C",세종종합건설(주),044-862-2502,127.236771,36.518077,82.83/59.91,3개/2개,381세대,계단식,82.75/59.98,3개/2개,90세대,계단식,82.62/59.98,3개/2개,37세대,계단식,,,,,가락17단지골드클래스,,,,,,,,,,,,,,,,,,,,,,,,,,,,,,,,,,,,,,,,,,,,,,,,,,,,,,,,,,,,,,,,,,,,,,,,,,,,,,,,,,,,,,,,,,,,,,,,,,,,,,,,,,,,,,,,,,,,,,,,,,,,,,,,,,,,,,,,,,,,,,,,,,,,,,,,,,,,,,,,,,,,,,,,,,,,,,,,,,,,,,,,,,,,,,,,,,,,,,,,,,,,,,,,,,,,,,,,,,,,,,,,,,,,
0,1218대(세대당 1.82),"HT005, HF002",세종시 세종시 마음안1로 139,세종시 세종시 고운동 2112,7층/18층,139%,21%,"130A㎡, 130C㎡, 132B㎡, 132D㎡, 132E㎡, 163㎡, 179",현대엔지니어링(주),044-868-9442,127.234852,36.520969,130.93/100.89,3개/2개,476세대,계단식,130.58/100.68,3개/2개,18세대,계단식,132.23/100.36,3개/2개,126세대,계단식,132.08/100.63,3개/2개,18세대,계단식,가락18단지힐스테이트,132.21/100.72,3개/2개,18세대,계단식,163.02/123.02,3개/2개,4세대,계단식,179.44/134.08,4개/3개,7세대,계단식,,,,,,,,,,,,,,,,,,,,,,,,,,,,,,,,,,,,,,,,,,,,,,,,,,,,,,,,,,,,,,,,,,,,,,,,,,,,,,,,,,,,,,,,,,,,,,,,,,,,,,,,,,,,,,,,,,,,,,,,,,,,,,,,,,,,,,,,,,,,,,,,,,,,,,,,,,,,,,,,,,,,,,,,,,,,,,,,,,,,,,,,,,,,,,,,,,,,,,,,,,,,,,,,,,,,,,,,
0,1540대(세대당 1.54),"HT005, HF002",세종시 세종시 밝은뜰로 15,세종시 세종시 고운동 2111,5층/18층,139%,18%,"79A㎡, 79B㎡, 84A㎡, 109A㎡, 109T2㎡, 109T3㎡, 110T1㎡, 111T4㎡, 135B㎡, 135C㎡, 135D㎡, 135A㎡, 136E㎡, 162A","(주)라인건설, (주)동양건설산업",044-866-9052,127.233097,36.523632,79.12/59.65,3개/2개,254세대,계단식,79.12/59.65,3개/2개,16세대,계단식,84.43/64.17,3개/2개,16세대,계단식,109.87/84.95,3개/2개,307세대,계단식,가락19단지파라곤,109.89/84.86,3개/2개,22세대,계단식,109.44/84.88,4개/2개,22세대,계단식,110.19/84.66,3개/2개,41세대,계단식,111.12/84.69,4개/2개,22세대,계단식,135.77/105.61,4개/2개,64세대,계단식,135.77/105.61,4개/2개,55세대,계단식,135.77/105.61,4개/2개,55세대,계단식,135.77/105.61,4개/2개,52세대,계단식,136.06/105.77,4개/2개,68세대,계단식,162.51/125.01,4개/2개,4세대,계단식,,,,,,,,,,,,,,,,,,,,,,,,,,,,,,,,,,,,,,,,,,,,,,,,,,,,,,,,,,,,,,,,,,,,,,,,,,,,,,,,,,,,,,,,,,,,,,,,,,,,,,,,,,,,,,,,,,,,,,,,,,,,,,,,,,,,,,,,,,,,,,,,,,,,,,,,,,,,,,,,,,,,,,,,,,,,,,,,,,,,,,,,,,,,
0,1006대(세대당 1.81),"HT005, HF002",세종시 세종시 마음로 67,세종시 세종시 고운동 1729,8층/18층,139%,20%,"132A㎡, 132A-1㎡, 137A㎡, 137B㎡, 137A-1㎡, 149A㎡, 151A㎡, 157A㎡, 157B",(주)원건설,044-864-3363,127.23337,36.504058,132.34/107.14,4개/2개,358세대,계단식,132.34/107.14,4개/2개,30세대,계단식,137.24/111.34,4개/2개,106세대,계단식,137.31/111.3,4개/2개,33세대,계단식,가락1단지세종힐데스하임,137.24/111.34,4개/2개,8세대,계단식,149.19/120.42,3개/2개,5세대,계단식,151.93/122.65,3개/2개,1세대,계단식,157.61/128.21,3개/2개,13세대,계단식,157.7/128.2,3개/2개,1세대,계단식,,,,,,,,,,,,,,,,,,,,,,,,,,,,,,,,,,,,,,,,,,,,,,,,,,,,,,,,,,,,,,,,,,,,,,,,,,,,,,,,,,,,,,,,,,,,,,,,,,,,,,,,,,,,,,,,,,,,,,,,,,,,,,,,,,,,,,,,,,,,,,,,,,,,,,,,,,,,,,,,,,,,,,,,,,,,,,,,,,,,,,,,,,,,,,,,,,,,,,,,,,,,,,,,
0,833대(세대당 1.21),"HT005, HF002",세종시 세종시 만남로 190,세종시 세종시 고운동 1396,14층/25층,179%,15%,"79A㎡, 79B㎡, 111",(주)호반건설,044-868-8607,127.240433,36.516291,79.26/59.83,3개/2개,113세대,계단식,79.18/59.98,3개/2개,85세대,계단식,111.1/84.98,3개/2개,490세대,계단식,,,,,가락20단지베르디움,,,,,,,,,,,,,,,,,,,,,,,,,,,,,,,,,,,,,,,,,,,,,,,,,,,,,,,,,,,,,,,,,,,,,,,,,,,,,,,,,,,,,,,,,,,,,,,,,,,,,,,,,,,,,,,,,,,,,,,,,,,,,,,,,,,,,,,,,,,,,,,,,,,,,,,,,,,,,,,,,,,,,,,,,,,,,,,,,,,,,,,,,,,,,,,,,,,,,,,,,,,,,,,,,,,,,,,,,,,,,,,,,,,,
0,497대(세대당 1.22),"HT005, HF002",세종시 세종시 마음안로 221,세종시 세종시 고운동 1390,19층/27층,176%,14%,"111A㎡, 111B㎡, 129",(주)모아종합건설,044-868-1528,127.240546,36.518002,111.07/84.97,3개/2개,164세대,계단식,111.4/84.96,3개/2개,104세대,계단식,129.83/99.94,3개/2개,138세대,계단식,,,,,가락21단지에듀센트럴,,,,,,,,,,,,,,,,,,,,,,,,,,,,,,,,,,,,,,,,,,,,,,,,,,,,,,,,,,,,,,,,,,,,,,,,,,,,,,,,,,,,,,,,,,,,,,,,,,,,,,,,,,,,,,,,,,,,,,,,,,,,,,,,,,,,,,,,,,,,,,,,,,,,,,,,,,,,,,,,,,,,,,,,,,,,,,,,,,,,,,,,,,,,,,,,,,,,,,,,,,,,,,,,,,,,,,,,,,,,,,,,,,,,
0,611대(세대당 1.38),"HT005, HF002",세종시 세종시 마음로 322,세종시 세종시 고운동 1387,16층/23층,173%,15%,"111㎡, 125",중흥토건(주),044-867-6848,127.240561,36.519505,111.45/84.99,3개/2개,263세대,계단식,125.55/96.14,4개/2개,177세대,계단식,,,,,,,,,가락22단지중흥S클래스에듀힐스,,,,,,,,,,,,,,,,,,,,,,,,,,,,,,,,,,,,,,,,,,,,,,,,,,,,,,,,,,,,,,,,,,,,,,,,,,,,,,,,,,,,,,,,,,,,,,,,,,,,,,,,,,,,,,,,,,,,,,,,,,,,,,,,,,,,,,,,,,,,,,,,,,,,,,,,,,,,,,,,,,,,,,,,,,,,,,,,,,,,,,,,,,,,,,,,,,,,,,,,,,,,,,,,,,,,,,,,,,,,,,,,,,,,
0,513대(세대당 1.2),"HT005, HF002",세종시 세종시 마음안로 47,세종시 세종시 고운동 1708,8층/18층,146%,18%,"79A㎡, 79B㎡, 79C㎡, 111A㎡, 111B",(주)호반건설,044-866-1078,127.236206,36.50624,79.79/59.86,3개/2개,128세대,계단식,79.01/59.93,3개/2개,46세대,계단식,79.25/59.99,3개/2개,32세대,계단식,111.28/84.98,3개/2개,158세대,계단식,가락3단지베르디움,111.49/84.94,3개/2개,60세대,계단식,,,,,,,,,,,,,,,,,,,,,,,,,,,,,,,,,,,,,,,,,,,,,,,,,,,,,,,,,,,,,,,,,,,,,,,,,,,,,,,,,,,,,,,,,,,,,,,,,,,,,,,,,,,,,,,,,,,,,,,,,,,,,,,,,,,,,,,,,,,,,,,,,,,,,,,,,,,,,,,,,,,,,,,,,,,,,,,,,,,,,,,,,,,,,,,,,,,,,,,,,,,,,,,,,,,,,,,,,,,,,,,,
0,395대(세대당 1.29),"HT005, HF002",세종시 세종시 마음안로 48,세종시 세종시 고운동 1703,8층/17층,141%,14%,"80A㎡, 81B㎡, 106C",(주)라인산업,044-868-6338,127.236943,36.507426,80.61/59.98,3개/2개,107세대,계단식,81.63/59.96,3개/2개,87세대,계단식,106.5/79.59,4개/2개,111세대,계단식,,,,,가락4단지이지더원,,,,,,,,,,,,,,,,,,,,,,,,,,,,,,,,,,,,,,,,,,,,,,,,,,,,,,,,,,,,,,,,,,,,,,,,,,,,,,,,,,,,,,,,,,,,,,,,,,,,,,,,,,,,,,,,,,,,,,,,,,,,,,,,,,,,,,,,,,,,,,,,,,,,,,,,,,,,,,,,,,,,,,,,,,,,,,,,,,,,,,,,,,,,,,,,,,,,,,,,,,,,,,,,,,,,,,,,,,,,,,,,,,,,
0,865대(세대당 1.3),"HT005, HF002",세종시 세종시 마음안로 34,세종시 세종시 고운동 1705,5층/29층,180%,16%,"82C㎡, 83D㎡, 84A㎡, 84B㎡, 108A㎡, 109B",(주)유승종합건설,044-868-6456,127.238663,36.507301,82.88/59.93,3개/2개,22세대,계단식,83.59/59.84,3개/2개,14세대,계단식,84.37/59.9,3개/2개,257세대,계단식,84.21/59.9,3개/2개,142세대,계단식,가락5단지유승한내들,108.47/84.65,3개/2개,147세대,계단식,109.42/84.89,3개/2개,81세대,계단식,,,,,,,,,,,,,,,,,,,,,,,,,,,,,,,,,,,,,,,,,,,,,,,,,,,,,,,,,,,,,,,,,,,,,,,,,,,,,,,,,,,,,,,,,,,,,,,,,,,,,,,,,,,,,,,,,,,,,,,,,,,,,,,,,,,,,,,,,,,,,,,,,,,,,,,,,,,,,,,,,,,,,,,,,,,,,,,,,,,,,,,,,,,,,,,,,,,,,,,,,,,,,,,,,,,,,,,,,,,,
0,1097대(세대당 1.23),"HT005, HF002",세종시 세종시 마음로 14,세종시 세종시 고운동 1728,13층/29층,168%,14%,"83A㎡, 83B㎡, 84C","중흥종합건설(주), (주)시티이엔씨",044-862-6333,127.239138,36.503303,83.08/59.68,3개/2개,582세대,계단식,83.5/59.72,3개/2개,151세대,계단식,84.03/59.99,3개/2개,154세대,계단식,,,,,가락6단지프라디움,,,,,,,,,,,,,,,,,,,,,,,,,,,,,,,,,,,,,,,,,,,,,,,,,,,,,,,,,,,,,,,,,,,,,,,,,,,,,,,,,,,,,,,,,,,,,,,,,,,,,,,,,,,,,,,,,,,,,,,,,,,,,,,,,,,,,,,,,,,,,,,,,,,,,,,,,,,,,,,,,,,,,,,,,,,,,,,,,,,,,,,,,,,,,,,,,,,,,,,,,,,,,,,,,,,,,,,,,,,,,,,,,,,,
0,715대(세대당 1.25),"HT005, HF002",세종시 세종시 마음안로 13,세종시 세종시 고운동 1724,15층/25층,176%,16%,"110A㎡, 110C㎡, 110B",중흥종합건설(주),044-863-7333,127.239554,36.504743,110.46/84.99,3개/2개,428세대,계단식,110.51/84.36,3개/2개,74세대,계단식,110.7/84.99,3개/2개,70세대,계단식,,,,,가락7단지프라디움,,,,,,,,,,,,,,,,,,,,,,,,,,,,,,,,,,,,,,,,,,,,,,,,,,,,,,,,,,,,,,,,,,,,,,,,,,,,,,,,,,,,,,,,,,,,,,,,,,,,,,,,,,,,,,,,,,,,,,,,,,,,,,,,,,,,,,,,,,,,,,,,,,,,,,,,,,,,,,,,,,,,,,,,,,,,,,,,,,,,,,,,,,,,,,,,,,,,,,,,,,,,,,,,,,,,,,,,,,,,,,,,,,,,
0,1183대(세대당 1.2),"HT005, HF002",세종시 세종시 만남로 92,세종시 세종시 고운동 1706,15층/25층,175%,15%,"98A㎡, 98AN㎡, 111A㎡, 111B",한신공영(주) / 이에스산업(주),044-866-8685,127.240067,36.507572,98.18/74.77,3개/2개,610세대,계단식,98.2/74.77,3개/2개,2세대,계단식,111.59/84.98,3개/2개,220세대,계단식,111.47/84.89,3개/2개,150세대,계단식,가락8단지고운뜰파크,,,,,,,,,,,,,,,,,,,,,,,,,,,,,,,,,,,,,,,,,,,,,,,,,,,,,,,,,,,,,,,,,,,,,,,,,,,,,,,,,,,,,,,,,,,,,,,,,,,,,,,,,,,,,,,,,,,,,,,,,,,,,,,,,,,,,,,,,,,,,,,,,,,,,,,,,,,,,,,,,,,,,,,,,,,,,,,,,,,,,,,,,,,,,,,,,,,,,,,,,,,,,,,,,,,,,,,,,,,,,,,,,,,,
0,696대(세대당 1.29),"HT005, HF002",세종시 세종시 마음로 151,세종시 세종시 고운동 1408,13층/17층,146%,16%,"83B㎡, 84A㎡, 112A㎡, 113B",신동아건설(주),044-866-5839,127.228674,36.51128,83.64/59.99,3개/2개,62세대,계단식,84.13/59.97,3개/2개,234세대,계단식,112.65/84.98,3개/2개,185세대,계단식,113.07/84.98,3개/2개,57세대,계단식,가락9단지파밀리에,,,,,,,,,,,,,,,,,,,,,,,,,,,,,,,,,,,,,,,,,,,,,,,,,,,,,,,,,,,,,,,,,,,,,,,,,,,,,,,,,,,,,,,,,,,,,,,,,,,,,,,,,,,,,,,,,,,,,,,,,,,,,,,,,,,,,,,,,,,,,,,,,,,,,,,,,,,,,,,,,,,,,,,,,,,,,,,,,,,,,,,,,,,,,,,,,,,,,,,,,,,,,,,,,,,,,,,,,,,,,,,,,,,,
0,619대(세대당 1.79),"HT005, HF002",세종시 세종시 마음로 49,세종시 세종시 고운동 1731,6층/17층,139%,22%,"130A㎡, 130A-1㎡, 131B㎡, 135A㎡, 135B㎡, 135A-1㎡, 137A㎡, 137A-1㎡, 142㎡, 153㎡, 256㎡, 261","(주)원건설,(주)허밍건설",044-865-0943,127.234778,36.502964,130.36/107.14,4개/2개,203세대,계단식,130.36/107.14,4개/2개,17세대,계단식,131.75/107.69,4개/2개,6세대,계단식,135.27/111.3,4개/2개,31세대,계단식,가락마을2단지,135.27/111.3,4개/2개,20세대,계단식,135.27/111.3,4개/2개,3세대,계단식,137.27/113.18,4개/2개,32세대,계단식,137.27/113.18,5개/2개,6세대,계단식,142.95/115.31,3개/2개,6세대,계단식,153.1/122.79,3개/2개,8세대,계단식,256.36/205.37,3개/3개,6세대,계단식,261.23/209.18,3개/3개,7세대,계단식,,,,,,,,,,,,,,,,,,,,,,,,,,,,,,,,,,,,,,,,,,,,,,,,,,,,,,,,,,,,,,,,,,,,,,,,,,,,,,,,,,,,,,,,,,,,,,,,,,,,,,,,,,,,,,,,,,,,,,,,,,,,,,,,,,,,,,,,,,,,,,,,,,,,,,,,,,,,,,,,,,,,,,,,,,,,,,,,,,,,,,,,,,,,,,,,,,,,
0,711대(세대당 0.77),"HT001, HF001",세종시 세종시 금남면 용포2길 70,세종시 세종시 금남면 용포리 320,11층/15층,213%,19%,"60㎡, 77",(주)두진공영,044-868-0100,127.278772,36.462976,60.53/43,2개/1개,645세대,계단식,77.24/59.86,3개/1개,268세대,계단식,,,,,,,,,금남두진리버빌,,,,,,,,,,,,,,,,,,,,,,,,,,,,,,,,,,,,,,,,,,,,,,,,,,,,,,,,,,,,,,,,,,,,,,,,,,,,,,,,,,,,,,,,,,,,,,,,,,,,,,,,,,,,,,,,,,,,,,,,,,,,,,,,,,,,,,,,,,,,,,,,,,,,,,,,,,,,,,,,,,,,,,,,,,,,,,,,,,,,,,,,,,,,,,,,,,,,,,,,,,,,,,,,,,,,,,,,,,,,,,,,,,,,
0,319대(세대당 1.39),"HT001, HF001",세종시 세종시 금남면 용포2길 57-15,세종시 세종시 금남면 용포리 263,11층/15층,247%,22%,"107B㎡, 107A",신성건설(주),044-866-3974,127.278306,36.465055,107.31/84.88,3개/2개,116세대,계단식,107.22/84.87,3개/2개,112세대,계단식,,,,,,,,,신성연기미소지움,,,,,,,,,,,,,,,,,,,,,,,,,,,,,,,,,,,,,,,,,,,,,,,,,,,,,,,,,,,,,,,,,,,,,,,,,,,,,,,,,,,,,,,,,,,,,,,,,,,,,,,,,,,,,,,,,,,,,,,,,,,,,,,,,,,,,,,,,,,,,,,,,,,,,,,,,,,,,,,,,,,,,,,,,,,,,,,,,,,,,,,,,,,,,,,,,,,,,,,,,,,,,,,,,,,,,,,,,,,,,,,,,,,,
0,229대(세대당 0.77),"HT005, HF002",세종시 세종시 한누리대로 331,세종시 세종시 나성동 727,8층/8층,465%,69%,"28A㎡, 29B㎡, 30C㎡, 32D㎡, 32A㎡, 32E㎡, 32B㎡, 32C㎡, 34F㎡, 35A㎡, 36B㎡, 37C㎡, 38A㎡, 38B",주식회사 성암토건,044-865-7208,127.255833,36.493895,28.37/17.32,1개/1개,5세대,계단식,29.21/17.85,1개/1개,65세대,계단식,30.31/18.52,1개/1개,5세대,계단식,32.73/20.1,1개/1개,75세대,계단식,SR파크센텀(도시형),32.06/19.57,1개/1개,35세대,계단식,32.9/20.15,1개/1개,15세대,계단식,32.09/19.64,1개/1개,5세대,계단식,32.3/19.76,1개/1개,5세대,계단식,34.08/20.88,1개/1개,5세대,계단식,35.2/21.58,1개/1개,20세대,계단식,36.57/22.47,1개/1개,5세대,계단식,37.17/22.76,1개/1개,5세대,계단식,38.17/23.49,1개/1개,45세대,계단식,38.92/23.9,1개/1개,5세대,계단식,,,,,,,,,,,,,,,,,,,,,,,,,,,,,,,,,,,,,,,,,,,,,,,,,,,,,,,,,,,,,,,,,,,,,,,,,,,,,,,,,,,,,,,,,,,,,,,,,,,,,,,,,,,,,,,,,,,,,,,,,,,,,,,,,,,,,,,,,,,,,,,,,,,,,,,,,,,,,,,,,,,,,,,,,,,,,,,,,,,,,,,,,,,,
0,203대(세대당 0.67),"HT001, HF002",세종시 세종시 한누리대로 321,세종시 세종시 나성동 730,8층/8층,431%,69%,"32A1-2㎡, 32A1-1㎡, 32A2-1㎡, 33A3㎡, 33E2㎡, 34A1-3㎡, 34A2-2㎡, 35A1-4㎡, 35A1-6㎡, 35A1-8㎡, 35A1-7㎡, 35A2-3㎡, 36A1-10㎡, 36A1-9㎡, 36A1-11㎡, 36A1-12㎡, 36E1㎡, 37A2-4㎡, 37B1-1㎡, 37B1-2㎡, 37B1-3㎡, 37B1-4㎡, 37B2㎡, 38A2-5㎡, 39B1-6㎡, 40A4㎡, 40B1-5㎡, 45B1-7㎡, 47D3㎡, 50C㎡, 51D2㎡, 60D1",(주)성암토건,044-867-7206,127.255777,36.492973,32.72/22.09,1개/1개,65세대,복도식,32/21.59,1개/1개,20세대,복도식,32.85/22.14,1개/1개,5세대,복도식,33.26/22.52,1개/1개,15세대,복도식,SR파크시티(도시형),33.45/22.63,1개/1개,9세대,복도식,34.19/23.1,1개/1개,5세대,복도식,34.23/23.09,1개/1개,5세대,복도식,35.15/23.77,1개/1개,20세대,복도식,35.4/23.94,1개/1개,20세대,복도식,35.88/24.27,1개/1개,15세대,복도식,35.64/24.11,1개/1개,5세대,복도식,35.62/24.05,1개/1개,5세대,복도식,36.37/24.61,1개/1개,10세대,복도식,36.13/24.44,1개/1개,10세대,복도식,36.62/24.78,1개/1개,5세대,복도식,36.86/24.95,1개/1개,5세대,복도식,36.47/24.72,1개/1개,5세대,복도식,37/25,1개/1개,5세대,복도식,37.1/25.11,1개/1개,5세대,복도식,37.34/25.27,1개/1개,5세대,복도식,37.58/25.44,1개/1개,5세대,복도식,37.83/25.61,1개/1개,5세대,복도식,37.36/27.03,1개/1개,5세대,복도식,38.39/25.95,1개/1개,5세대,복도식,39.35/28.47,1개/1개,5세대,복도식,40.86/27.86,1개/1개,5세대,복도식,40.01/27.12,1개/1개,5세대,복도식,45.86/31.15,1개/1개,5세대,복도식,47.41/32.36,2개/1개,5세대,복도식,50.28/34.23,1개/1개,5세대,복도식,51.42/35.16,2개/1개,5세대,복도식,60.08/41.27,2개/1개,5세대,복도식,,,,,,,,,,,,,,,,,,,,,,,,,,,,,,,,,,,,,,,,,,,,,,,,,,,,,,,,,,,,,,,,,,,,,,,,,,,,,,,,,,,,,,,,,,,,,,,,,,,,,,,,,,,,,,,,,,,,
0,569대(세대당 1.65),"HT005, HF002",세종시 세종시 국세청로 46,세종시 세종시 나성동 835,11층/37층,271%,33%,"111A㎡, 111B㎡, 111C㎡, 112F㎡, 112D㎡, 112H㎡, 112E㎡, 113G㎡, 130A㎡, 130B㎡, 131C㎡, 132D㎡, 148A㎡, 198P",(주)한화건설,044-862-9906,127.263429,36.487563,111.89/84.75,3개/2개,49세대,계단식,111.67/84.92,3개/2개,25세대,계단식,111.43/84.93,3개/2개,8세대,계단식,112.68/84.96,3개/2개,38세대,계단식,나릿재1단지리더스포레(주상복합),112.69/84.96,3개/2개,31세대,계단식,112.07/84.77,3개/2개,11세대,계단식,112.69/84.55,3개/2개,2세대,계단식,113.43/84.96,3개/2개,6세대,계단식,130.89/99.61,3개/2개,19세대,계단식,130.06/99.31,3개/2개,11세대,계단식,131.94/99.82,3개/2개,71세대,계단식,132.09/99.9,3개/2개,36세대,계단식,148.22/112.59,3개/2개,35세대,계단식,198.26/145.92,3개/2개,1세대,계단식,,,,,,,,,,,,,,,,,,,,,,,,,,,,,,,,,,,,,,,,,,,,,,,,,,,,,,,,,,,,,,,,,,,,,,,,,,,,,,,,,,,,,,,,,,,,,,,,,,,,,,,,,,,,,,,,,,,,,,,,,,,,,,,,,,,,,,,,,,,,,,,,,,,,,,,,,,,,,,,,,,,,,,,,,,,,,,,,,,,,,,,,,,,,
0,1314대(세대당 1.7),"HT005, HF002",세종시 세종시 국세청로 45,세종시 세종시 나성동 833,6층/37층,272%,34%,"113A㎡, 113B㎡, 113C㎡, 114G㎡, 114D㎡, 114E㎡, 114F㎡, 114H㎡, 116C㎡, 116A㎡, 116B㎡, 118(2)㎡, 119(1)㎡, 123㎡, 130A㎡, 130B㎡, 130D㎡, 130C㎡, 130T㎡, 132(2)㎡, 133(1)㎡, 134A㎡, 134B㎡, 136㎡, 143㎡, 150T1㎡, 150T2㎡, 152(2)㎡, 153(1)㎡, 159㎡, 164P㎡, 177㎡, 192S㎡, 199T㎡, 200㎡, 211P",제일건설(주),044-867-9927,127.262379,36.489067,113.13/84.17,3개/2개,239세대,계단식,113.2/84.17,3개/2개,88세대,계단식,113.31/84.16,3개/2개,6세대,계단식,114.37/84.54,3개/2개,33세대,계단식,나릿재3단지제일풍경채위너스카이(주상복합),114.73/84.65,3개/2개,8세대,계단식,114.8/84.65,3개/2개,6세대,계단식,114.32/84.65,3개/2개,6세대,계단식,114.12/84.45,3개/2개,2세대,계단식,116.34/86.66,3개/2개,10세대,계단식,116.33/86.36,3개/2개,6세대,계단식,116.73/86.49,3개/2개,3세대,계단식,118.19/87.21,3개/2개,6세대,계단식,119.59/88.34,3개/2개,27세대,계단식,123.41/92.35,3개/2개,4세대,계단식,130.48/97.95,3개/2개,6세대,계단식,130.68/97.94,3개/2개,3세대,계단식,130.28/97.44,3개/2개,3세대,계단식,130.06/97.28,3개/2개,2세대,계단식,130.86/97.25,3개/2개,2세대,계단식,132.1/98.82,3개/2개,247세대,계단식,133.52/99.96,3개/2개,4세대,계단식,134.38/100.65,3개/2개,6세대,계단식,134.57/100.8,3개/2개,4세대,계단식,136.93/102.7,3개/2개,10세대,계단식,143.65/108.44,3개/2개,3세대,계단식,150.17/112.04,4개/2개,2세대,계단식,150.68/113.15,4개/2개,2세대,계단식,152.64/114.7,4개/3개,2세대,계단식,153.63/115.16,4개/2개,8세대,계단식,159.75/120.16,4개/3개,6세대,계단식,164.18/121.97,4개/2개,5세대,계단식,177.48/133.93,4개/2개,2세대,계단식,192.74/143.29,4개/3개,2세대,계단식,199.44/149.95,4개/2개,2세대,계단식,200.01/148.75,4개/2개,2세대,계단식,211.43/158.36,4개/3개,4세대,계단식,,,,,,,,,,,,,,,,,,,,,,,,,,,,,,,,,,,,,,,,,,,,,,,,,,,,,,,,,,,,,,,,,,,,,,,,,,,,,,,,,,,,,,,,,,,,,,,,,,,,
0,153대(세대당 0.98),"HT005, HF002",세종시 세종시 한누리대로 194,세종시 세종시 나성동 775,8층/8층,391%,69%,"30A1㎡, 30D㎡, 31A2㎡, 36F1㎡, 38E1㎡, 40B1㎡, 40B2㎡, 40B3㎡, 40F2㎡, 41E2㎡, 42B4㎡, 42B5㎡, 42B6㎡, 42C1㎡, 42C2㎡, 42C3",(주)우석건설,044-868-7892,127.261361,36.482381,30.05/19.5,1개/1개,30세대,계단식,30.8/19.66,1개/1개,6세대,계단식,31.51/20.52,1개/1개,60세대,계단식,36.76/23.72,1개/1개,6세대,계단식,더리치세종의아침(도시형),38.34/24.77,1개/1개,4세대,계단식,40.04/25.83,1개/1개,6세대,계단식,40.15/26.09,1개/1개,6세대,계단식,40.15/26.09,1개/1개,6세대,계단식,40.06/25.96,1개/1개,6세대,계단식,41.07/26.63,1개/1개,8세대,계단식,42.53/27.52,1개/1개,4세대,계단식,42.65/27.79,1개/1개,4세대,계단식,42.65/27.79,1개/1개,4세대,계단식,42.45/27.47,1개/1개,2세대,계단식,42.56/27.73,1개/1개,2세대,계단식,42.56/27.73,1개/1개,2세대,계단식,,,,,,,,,,,,,,,,,,,,,,,,,,,,,,,,,,,,,,,,,,,,,,,,,,,,,,,,,,,,,,,,,,,,,,,,,,,,,,,,,,,,,,,,,,,,,,,,,,,,,,,,,,,,,,,,,,,,,,,,,,,,,,,,,,,,,,,,,,,,,,,,,,,,,,,,,,,,,,,,,,,,,,,,,,,,,,,,,,,,
0,129대(세대당 0.74),"HT005, HF002",세종시 세종시 한누리대로 223,세종시 세종시 나성동 751,8층/8층,512%,69%,"44HC㎡, 45HA㎡, 46HA-1㎡, 46HA-3㎡, 46HA-2㎡, 52HB",아이누리건설산업(주),044-862-3394,127.258745,36.484518,44.51/29.69,1개/1개,18세대,복도식,45.28/29.89,1개/1개,100세대,복도식,46.23/30.53,1개/1개,32세대,복도식,46.16/30.36,1개/1개,8세대,복도식,리베라아이누리(도시형),46.23/30.53,1개/1개,4세대,복도식,52.83/34.99,1개/1개,11세대,복도식,,,,,,,,,,,,,,,,,,,,,,,,,,,,,,,,,,,,,,,,,,,,,,,,,,,,,,,,,,,,,,,,,,,,,,,,,,,,,,,,,,,,,,,,,,,,,,,,,,,,,,,,,,,,,,,,,,,,,,,,,,,,,,,,,,,,,,,,,,,,,,,,,,,,,,,,,,,,,,,,,,,,,,,,,,,,,,,,,,,,,,,,,,,,,,,,,,,,,,,,,,,,,,,,,,,,,,,,,,,,
0,129대(세대당 0.86),"HT005, HF002",세종시 세종시 한누리대로 306,세종시 세종시 나성동 759,8층/8층,499%,69%,"43C㎡, 43B㎡, 44H㎡, 44D㎡, 45A㎡, 58G㎡, 74F㎡, 81E",신해공영(주),044-999-0095,127.256835,36.491746,43.49/26.07,1개/1개,24세대,복도식,43.49/26.07,1개/1개,6세대,복도식,44.55/26.7,1개/1개,12세대,복도식,44.38/26.6,1개/1개,6세대,복도식,블루지움(도시형),45.7/27.39,1개/1개,84세대,복도식,58.11/34.83,1개/1개,6세대,복도식,74.01/45.15,1개/1개,6세대,복도식,81.12/48.62,1개/1개,6세대,복도식,,,,,,,,,,,,,,,,,,,,,,,,,,,,,,,,,,,,,,,,,,,,,,,,,,,,,,,,,,,,,,,,,,,,,,,,,,,,,,,,,,,,,,,,,,,,,,,,,,,,,,,,,,,,,,,,,,,,,,,,,,,,,,,,,,,,,,,,,,,,,,,,,,,,,,,,,,,,,,,,,,,,,,,,,,,,,,,,,,,,,,,,,,,,,,,,,,,,,,,,,,,,,,,,,,,,
0,135대(세대당 0.77),"HT001, HF002",세종시 세종시 한누리대로 227,세종시 세종시 나성동 750,8층/8층,459%,69%,"33A5㎡, 35A6㎡, 37A3㎡, 38A1㎡, 39A2㎡, 45A4",인덕건설(주),044-867-8421,127.258626,36.48465,33.39/21.74,1개/1개,12세대,복도식,35.55/23.15,1개/1개,6세대,복도식,37.45/24.38,1개/1개,28세대,복도식,38.46/25.04,1개/1개,72세대,복도식,세종마루(도시형),39.48/25.7,1개/1개,44세대,복도식,45.16/29.4,1개/1개,12세대,복도식,,,,,,,,,,,,,,,,,,,,,,,,,,,,,,,,,,,,,,,,,,,,,,,,,,,,,,,,,,,,,,,,,,,,,,,,,,,,,,,,,,,,,,,,,,,,,,,,,,,,,,,,,,,,,,,,,,,,,,,,,,,,,,,,,,,,,,,,,,,,,,,,,,,,,,,,,,,,,,,,,,,,,,,,,,,,,,,,,,,,,,,,,,,,,,,,,,,,,,,,,,,,,,,,,,,,,,,,,,,,
0,117대(세대당 0.72),"HT001, HF001",세종시 세종시 한누리대로 316,세종시 세종시 나성동 757,8층/8층,484%,69%,"35B㎡, 42A",건국건설주식회사,044-867-5126,127.256806,36.492544,35.43/23.64,1개/1개,18세대,계단식,42.15/28.12,1개/1개,144세대,계단식,,,,,,,,,세종마루Ⅱ(도시형),,,,,,,,,,,,,,,,,,,,,,,,,,,,,,,,,,,,,,,,,,,,,,,,,,,,,,,,,,,,,,,,,,,,,,,,,,,,,,,,,,,,,,,,,,,,,,,,,,,,,,,,,,,,,,,,,,,,,,,,,,,,,,,,,,,,,,,,,,,,,,,,,,,,,,,,,,,,,,,,,,,,,,,,,,,,,,,,,,,,,,,,,,,,,,,,,,,,,,,,,,,,,,,,,,,,,,,,,,,,,,,,,,,,
0,157대(세대당 0.72),"HT001, HF001",세종시 세종시 한누리대로 311,세종시 세종시 나성동 732,8층/8층,469%,68%,"29D㎡, 33H㎡, 34J㎡, 35I㎡, 36A㎡, 36B㎡, 37G㎡, 39C㎡, 40F㎡, 43E",나성산업개발(주),044-866-9935,127.255802,36.492053,29.11/18.65,1개/1개,6세대,복도식,33.35/21.36,1개/1개,6세대,복도식,34.84/22.32,1개/1개,24세대,복도식,35.08/22.47,1개/1개,6세대,복도식,세종모닝시티2차(도시형),36.34/23.28,1개/1개,149세대,복도식,36.35/23.28,1개/1개,1세대,복도식,37.34/23.92,1개/1개,6세대,복도식,39.69/25.43,1개/1개,6세대,복도식,40.34/25.84,1개/1개,6세대,복도식,43.34/27.76,1개/1개,6세대,복도식,,,,,,,,,,,,,,,,,,,,,,,,,,,,,,,,,,,,,,,,,,,,,,,,,,,,,,,,,,,,,,,,,,,,,,,,,,,,,,,,,,,,,,,,,,,,,,,,,,,,,,,,,,,,,,,,,,,,,,,,,,,,,,,,,,,,,,,,,,,,,,,,,,,,,,,,,,,,,,,,,,,,,,,,,,,,,,,,,,,,,,,,,,,,,,,,,,,,,,,,,,,,
0,154대(세대당 0.75),"HT001, HF001",세종시 세종시 한누리대로 287,세종시 세종시 나성동 738,8층/8층,463%,69%,"37C㎡, 38B㎡, 41A",(주)대성건설,044-866-5412,127.256138,36.489782,37.68/25.61,1개/1개,36세대,복도식,38.54/26.19,1개/1개,84세대,복도식,41.83/28.43,1개/1개,84세대,복도식,,,,,세종포레뷰1(도시형),,,,,,,,,,,,,,,,,,,,,,,,,,,,,,,,,,,,,,,,,,,,,,,,,,,,,,,,,,,,,,,,,,,,,,,,,,,,,,,,,,,,,,,,,,,,,,,,,,,,,,,,,,,,,,,,,,,,,,,,,,,,,,,,,,,,,,,,,,,,,,,,,,,,,,,,,,,,,,,,,,,,,,,,,,,,,,,,,,,,,,,,,,,,,,,,,,,,,,,,,,,,,,,,,,,,,,,,,,,,,,,,,,,,
0,138대(세대당 0.84),"HT005, HF002",세종시 세종시 한누리대로 283,세종시 세종시 나성동 739,8층/8층,480%,69%,"38B㎡, 38A㎡, 39B㎡, 39A㎡, 43B㎡, 44A㎡, 47B㎡, 48A㎡, 66A㎡, 70B㎡, 71A",유한회사 원세진종합건설,044-998-6071,127.256217,36.489403,38.35/25.99,1개/1개,100세대,복도식,38.77/25.99,1개/1개,25세대,복도식,39.45/26.73,1개/1개,8세대,복도식,39.87/26.73,1개/1개,2세대,복도식,세진팰리스(도시형),43.82/29.69,1개/1개,8세대,복도식,44.29/29.69,1개/1개,2세대,복도식,47.73/32.34,1개/1개,8세대,복도식,48.25/32.34,1개/1개,2세대,복도식,66.8/45.26,1개/1개,4세대,복도식,70.94/48.07,1개/1개,4세대,복도식,71.71/48.07,1개/1개,1세대,복도식,,,,,,,,,,,,,,,,,,,,,,,,,,,,,,,,,,,,,,,,,,,,,,,,,,,,,,,,,,,,,,,,,,,,,,,,,,,,,,,,,,,,,,,,,,,,,,,,,,,,,,,,,,,,,,,,,,,,,,,,,,,,,,,,,,,,,,,,,,,,,,,,,,,,,,,,,,,,,,,,,,,,,,,,,,,,,,,,,,,,,,,,,,,,,,,,,,,,,,,,
0,149대(세대당 0.73),"HT001, HF001",세종시 세종시 한누리대로 291,세종시 세종시 나성동 737,8층/8층,487%,69%,"40B㎡, 40D㎡, 42A㎡, 42C1㎡, 43C2",(주)대성건설,044-862-6122,127.256038,36.490197,40.9/27.49,1개/1개,22세대,복도식,40.54/27.13,1개/1개,18세대,복도식,42.14/28.2,1개/1개,84세대,복도식,42.42/28.39,1개/1개,72세대,복도식,포레뷰2(도시형),43.27/28.96,1개/1개,6세대,복도식,,,,,,,,,,,,,,,,,,,,,,,,,,,,,,,,,,,,,,,,,,,,,,,,,,,,,,,,,,,,,,,,,,,,,,,,,,,,,,,,,,,,,,,,,,,,,,,,,,,,,,,,,,,,,,,,,,,,,,,,,,,,,,,,,,,,,,,,,,,,,,,,,,,,,,,,,,,,,,,,,,,,,,,,,,,,,,,,,,,,,,,,,,,,,,,,,,,,,,,,,,,,,,,,,,,,,,,,,,,,,,,,
0,143대(세대당 0.86),"HT001, HF001",세종시 세종시 한누리대로 292,세종시 세종시 나성동 763,8층/8층,474%,69%,"40㎡, 55㎡, 64",(주)우석건설 외1,044-868-6038,127.25701,36.490348,40.49/26.43,1개/1개,130세대,복도식,55.1/35.98,1개/1개,12세대,복도식,64.89/42.49,1개/1개,24세대,복도식,,,,,행복의아침(도시형),,,,,,,,,,,,,,,,,,,,,,,,,,,,,,,,,,,,,,,,,,,,,,,,,,,,,,,,,,,,,,,,,,,,,,,,,,,,,,,,,,,,,,,,,,,,,,,,,,,,,,,,,,,,,,,,,,,,,,,,,,,,,,,,,,,,,,,,,,,,,,,,,,,,,,,,,,,,,,,,,,,,,,,,,,,,,,,,,,,,,,,,,,,,,,,,,,,,,,,,,,,,,,,,,,,,,,,,,,,,,,,,,,,,
0,485대(세대당 1.45),"HT005, HF002",세종시 세종시 가온로 9,세종시 세종시 다정동 969,10층/29층,170%,14%,"113A㎡, 116C㎡, 128A㎡, 130B㎡, 130C㎡, 153T㎡, 163P","(주)포스코건설,금호건설(주),계룡건설산업(주)",044-867-3548,127.253733,36.492225,113.59/84.96,3개/2개,105세대,계단식,116.18/84.75,3개/2개,102세대,계단식,128.78/101.83,3개/2개,78세대,계단식,130.32/101.72,3개/2개,39세대,계단식,가온10단지더하이스트,130.32/101.72,3개/2개,3세대,계단식,153.94/120.52,4개/2개,4세대,계단식,163.9/124.94,4개/2개,2세대,계단식,,,,,,,,,,,,,,,,,,,,,,,,,,,,,,,,,,,,,,,,,,,,,,,,,,,,,,,,,,,,,,,,,,,,,,,,,,,,,,,,,,,,,,,,,,,,,,,,,,,,,,,,,,,,,,,,,,,,,,,,,,,,,,,,,,,,,,,,,,,,,,,,,,,,,,,,,,,,,,,,,,,,,,,,,,,,,,,,,,,,,,,,,,,,,,,,,,,,,,,,,,,,,,,,,,,,,,,,
0,1105대(세대당 1.44),"HT005, HF002",세종시 세종시 다정남로 123,세종시 세종시 다정동 926,8층/22층,151%,16%,"84A㎡, 86A1㎡, 86C㎡, 86B㎡, 86D㎡, 112A㎡, 112D㎡, 113B㎡, 130A㎡, 131B㎡, 131C㎡, 140G㎡, 155T","(주)포스코건설,금호건설(주),계룡건설산업(주)",044-864-1547,127.253974,36.493853,84.69/57.78,3개/2개,4세대,계단식,86.57/59.88,3개/2개,199세대,계단식,86.18/59.16,3개/2개,41세대,계단식,86.57/59.88,3개/2개,19세대,계단식,가온12단지더하이스트,86.18/59.16,3개/2개,15세대,계단식,112.07/84.96,3개/2개,223세대,계단식,112.85/84.93,3개/2개,14세대,계단식,113.54/84.91,3개/2개,82세대,계단식,130.23/101.83,3개/2개,128세대,계단식,131.77/101.72,3개/2개,33세대,계단식,131.77/101.72,3개/2개,2세대,계단식,140.84/107.75,3개/2개,2세대,계단식,155.66/120.52,4개/2개,3세대,계단식,,,,,,,,,,,,,,,,,,,,,,,,,,,,,,,,,,,,,,,,,,,,,,,,,,,,,,,,,,,,,,,,,,,,,,,,,,,,,,,,,,,,,,,,,,,,,,,,,,,,,,,,,,,,,,,,,,,,,,,,,,,,,,,,,,,,,,,,,,,,,,,,,,,,,,,,,,,,,,,,,,,,,,,,,,,,,,,,,,,,,,,,,,,,,,,,
0,2368대(세대당 1.45),"HT005, HF002",세종시 세종시 다정남로 22,세종시 세종시 다정동 960,12층/29층,169%,14%,"79㎡, 99㎡, 112A㎡, 112C㎡, 113B㎡, 131A㎡, 132B㎡, 137A㎡, 140B㎡, 148㎡, 163",현대건설(주),044-868-4257,127.244005,36.491807,79.36/59.98,3개/2개,294세대,계단식,99.39/74.96,3개/2개,139세대,계단식,112/84.95,3개/2개,209세대,계단식,112.13/84.96,3개/2개,144세대,계단식,가온1단지힐스테이트세종2차,113.03/84.97,3개/2개,251세대,계단식,131.07/98.61,3개/2개,6세대,계단식,132.76/101.72,4개/2개,502세대,계단식,137.45/105.55,4개/2개,10세대,계단식,140.09/107.71,4개/2개,12세대,계단식,148.66/113.98,4개/2개,60세대,계단식,163.76/123.42,3개/2개,4세대,계단식,,,,,,,,,,,,,,,,,,,,,,,,,,,,,,,,,,,,,,,,,,,,,,,,,,,,,,,,,,,,,,,,,,,,,,,,,,,,,,,,,,,,,,,,,,,,,,,,,,,,,,,,,,,,,,,,,,,,,,,,,,,,,,,,,,,,,,,,,,,,,,,,,,,,,,,,,,,,,,,,,,,,,,,,,,,,,,,,,,,,,,,,,,,,,,,,,,,,,,,,
0,1250대(세대당 1.46),"HT005, HF002",세종시 세종시 다정북로 110,세종시 세종시 다정동 953,5층/21층,141%,19%,"100E㎡, 101㎡, 102D㎡, 102I㎡, 113A㎡, 115D㎡, 115C㎡, 131B㎡, 131A㎡, 141A㎡, 142B㎡, 157㎡, 181","(주)제일건설,한신공영(주)",044-868-9780,127.242881,36.49517,100.7/75.47,3개/2개,111세대,계단식,101.97/75.55,3개/2개,81세대,계단식,102.42/75.58,3개/2개,36세대,계단식,102.12/75.22,3개/2개,7세대,계단식,가온2단지한신휴플러스제일풍경채,113.84/84.9,3개/2개,94세대,계단식,115.05/84.96,3개/2개,184세대,계단식,115.46/84.95,3개/2개,5세대,계단식,131.96/98.7,4개/2개,224세대,계단식,131.93/97.57,3개/2개,95세대,계단식,141.5/104.98,3개/2개,5세대,계단식,142.15/107.04,3개/2개,6세대,계단식,157.38/117.44,3개/2개,1세대,계단식,181.07/135.95,3개/2개,6세대,계단식,,,,,,,,,,,,,,,,,,,,,,,,,,,,,,,,,,,,,,,,,,,,,,,,,,,,,,,,,,,,,,,,,,,,,,,,,,,,,,,,,,,,,,,,,,,,,,,,,,,,,,,,,,,,,,,,,,,,,,,,,,,,,,,,,,,,,,,,,,,,,,,,,,,,,,,,,,,,,,,,,,,,,,,,,,,,,,,,,,,,,,,,,,,,,,,,
0,2412대(세대당 1.45),"HT005, HF002",세종시 세종시 다정북로 109,세종시 세종시 다정동 916,10층/29층,169%,17%,"80㎡, 101A㎡, 101B㎡, 101C㎡, 101G㎡, 101F㎡, 101H㎡, 102D㎡, 113A㎡, 113B㎡, 113E㎡, 114D㎡, 115C㎡, 129㎡, 131B㎡, 131A㎡, 140","한신공영(주),제일건설(주)",044-866-0558,127.242741,36.497784,80.99/59.89,3개/2개,297세대,계단식,101.58/75.55,3개/2개,216세대,계단식,101.58/75.55,3개/2개,83세대,계단식,101.86/75.55,3개/2개,48세대,계단식,가온3단지한신더휴,101.58/75.55,3개/2개,28세대,계단식,101.58/75.55,3개/2개,14세대,계단식,101.58/75.55,3개/2개,10세대,계단식,102.03/75.58,3개/2개,69세대,계단식,113.41/84.9,3개/2개,137세대,계단식,113.18/84.9,3개/2개,77세대,계단식,113.9/84.9,3개/2개,24세대,계단식,114.62/84.96,3개/2개,29세대,계단식,115.02/84.95,3개/2개,68세대,계단식,129.1/95.84,3개/2개,6세대,계단식,131.45/98.7,3개/2개,356세대,계단식,131.43/97.57,3개/2개,188세대,계단식,140.96/104.98,3개/2개,5세대,계단식,,,,,,,,,,,,,,,,,,,,,,,,,,,,,,,,,,,,,,,,,,,,,,,,,,,,,,,,,,,,,,,,,,,,,,,,,,,,,,,,,,,,,,,,,,,,,,,,,,,,,,,,,,,,,,,,,,,,,,,,,,,,,,,,,,,,,,,,,,,,,,,,,,,,,,,,,,,,,,,,,,,,,,,,,,,,,,,,
0,1518대(세대당 1.2),"HT005, HF002",세종시 세종시 다정중앙로 19,세종시 세종시 다정동 964,13층/29층,182%,14%,"82A㎡, 82B㎡, 116A㎡, 116C㎡, 116D㎡, 116B","대림산업(주),(주)대우건설",044-865-3707,127.247803,36.492731,82.42/59.99,3개/2개,420세대,계단식,82.42/59.99,3개/2개,10세대,계단식,116.77/84.99,3개/2개,650세대,계단식,116.76/84.98,3개/2개,138세대,계단식,가온4단지e편한세상푸르지오,116.74/84.97,3개/2개,28세대,계단식,116.77/84.99,3개/2개,12세대,계단식,,,,,,,,,,,,,,,,,,,,,,,,,,,,,,,,,,,,,,,,,,,,,,,,,,,,,,,,,,,,,,,,,,,,,,,,,,,,,,,,,,,,,,,,,,,,,,,,,,,,,,,,,,,,,,,,,,,,,,,,,,,,,,,,,,,,,,,,,,,,,,,,,,,,,,,,,,,,,,,,,,,,,,,,,,,,,,,,,,,,,,,,,,,,,,,,,,,,,,,,,,,,,,,,,,,,,,,,,,,,
0,552대(세대당 1.49),"HT005, HF002",세종시 세종시 다정서로 60,세종시 세종시 다정동 946,7층/20층,138%,22%,"113A㎡, 113B㎡, 132B㎡, 144C㎡, 145D㎡, 146G㎡, 148E㎡, 149F㎡, 152A",중흥건설(주),044-868-1186,127.246692,36.495501,113.59/84.98,3개/2개,168세대,계단식,113.31/84.98,3개/2개,71세대,계단식,132.4/98.95,3개/2개,3세대,계단식,144.72/108.98,3개/2개,66세대,계단식,가온5단지중흥S-클래스센텀시티,145.92/108.97,3개/2개,13세대,계단식,146.99/108.97,3개/3개,4세대,계단식,148.78/108.98,3개/3개,21세대,계단식,149.2/108.98,3개/3개,21세대,계단식,152.04/115.97,3개/2개,3세대,계단식,,,,,,,,,,,,,,,,,,,,,,,,,,,,,,,,,,,,,,,,,,,,,,,,,,,,,,,,,,,,,,,,,,,,,,,,,,,,,,,,,,,,,,,,,,,,,,,,,,,,,,,,,,,,,,,,,,,,,,,,,,,,,,,,,,,,,,,,,,,,,,,,,,,,,,,,,,,,,,,,,,,,,,,,,,,,,,,,,,,,,,,,,,,,,,,,,,,,,,,,,,,,,,,,
0,1639대(세대당 1.52),"HT005, HF002",세종시 세종시 다정중앙로 77,세종시 세종시 다정동 918,8층/29층,166%,18%,"69A㎡, 80A㎡, 113A㎡, 113B㎡, 113A-1㎡, 113C㎡, 131A㎡, 132B㎡, 144C㎡, 144A㎡, 145B㎡, 146D㎡, 148E㎡, 149F㎡, 152A",중흥건설(주),044-865-6683,127.247301,36.497507,69.56/51.94,2개/1개,51세대,계단식,80.75/59.97,3개/2개,151세대,계단식,113.7/84.98,3개/2개,363세대,계단식,113.41/84.98,3개/2개,61세대,계단식,가온6단지중흥S-클래스센텀시티,113.7/84.98,3개/2개,28세대,계단식,113.7/84.98,3개/2개,11세대,계단식,131.17/98.98,3개/2개,84세대,계단식,132.52/98.95,3개/2개,9세대,계단식,144.86/108.98,3개/2개,100세대,계단식,144.98/108.98,3개/2개,84세대,계단식,145.23/108.98,3개/2개,84세대,계단식,146.05/108.97,3개/2개,11세대,계단식,148.91/108.98,3개/3개,18세대,계단식,149.33/108.98,3개/3개,18세대,계단식,152.18/115.97,3개/2개,3세대,계단식,,,,,,,,,,,,,,,,,,,,,,,,,,,,,,,,,,,,,,,,,,,,,,,,,,,,,,,,,,,,,,,,,,,,,,,,,,,,,,,,,,,,,,,,,,,,,,,,,,,,,,,,,,,,,,,,,,,,,,,,,,,,,,,,,,,,,,,,,,,,,,,,,,,,,,,,,,,,,,,,,,,,,,,,,,,,,,,,,,,,,,,,
0,462대(세대당 1.44),"HT005, HF002",세종시 세종시 다정북로 180,세종시 세종시 다정동 931,7층/19층,142%,19%,"85B㎡, 85A㎡, 86C㎡, 86D㎡, 87A1㎡, 87B1㎡, 87E","(주)포스코건설,금호건설(주),계룡건설산업(주)",044-864-1545,127.250827,36.495259,85.32/57.78,3개/2개,5세대,계단식,85.32/57.78,3개/2개,3세대,계단식,86.82/59.16,3개/2개,13세대,계단식,86.82/59.16,3개/2개,13세대,계단식,가온8단지더하이스트,87.22/59.88,3개/2개,258세대,계단식,87.22/59.88,3개/2개,16세대,계단식,87.66/59.96,3개/2개,11세대,계단식,,,,,,,,,,,,,,,,,,,,,,,,,,,,,,,,,,,,,,,,,,,,,,,,,,,,,,,,,,,,,,,,,,,,,,,,,,,,,,,,,,,,,,,,,,,,,,,,,,,,,,,,,,,,,,,,,,,,,,,,,,,,,,,,,,,,,,,,,,,,,,,,,,,,,,,,,,,,,,,,,,,,,,,,,,,,,,,,,,,,,,,,,,,,,,,,,,,,,,,,,,,,,,,,,,,,,,,,
0,318대(세대당 1.67),"HT005, HF002",세종시 세종시 가온로 10,세종시 세종시 다정동 970,12층/35층,241%,41%,"100A㎡, 100B㎡, 102E㎡, 102C㎡, 102D㎡, 116A㎡, 117B","(주)신영,(주)대우건설",044-415-1981,127.254285,36.49211,100.13/74.06,3개/2개,48세대,계단식,100.32/74.27,3개/2개,44세대,계단식,102.36/74.12,3개/2개,33세대,계단식,102.12/74.75,3개/2개,31세대,계단식,세종지웰푸르지오,102.09/74.75,3개/2개,31세대,계단식,116.33/84.17,3개/2개,2세대,계단식,117.65/84.89,3개/2개,1세대,계단식,,,,,,,,,,,,,,,,,,,,,,,,,,,,,,,,,,,,,,,,,,,,,,,,,,,,,,,,,,,,,,,,,,,,,,,,,,,,,,,,,,,,,,,,,,,,,,,,,,,,,,,,,,,,,,,,,,,,,,,,,,,,,,,,,,,,,,,,,,,,,,,,,,,,,,,,,,,,,,,,,,,,,,,,,,,,,,,,,,,,,,,,,,,,,,,,,,,,,,,,,,,,,,,,,,,,,,,,
0,554대(세대당 1.52),"HT005, HF002",세종시 세종시 대평1길 27,세종시 세종시 대평동 707,9층/29층,171%,17%,"112A㎡, 113B㎡, 113C㎡, 126㎡, 148㎡, 159㎡, 163",신동아건설주식회사,044-865-5103,127.276917,36.469202,112.9/84.94,3개/2개,128세대,계단식,113.76/84.91,3개/2개,71세대,계단식,113.77/84.9,3개/2개,28세대,계단식,126.86/95.83,4개/2개,127세대,계단식,해들1단지신동아파밀리에3차,148.07/112.9,4개/3개,2세대,계단식,159.32/118.15,4개/3개,4세대,계단식,163.13/120.53,4개/3개,3세대,계단식,,,,,,,,,,,,,,,,,,,,,,,,,,,,,,,,,,,,,,,,,,,,,,,,,,,,,,,,,,,,,,,,,,,,,,,,,,,,,,,,,,,,,,,,,,,,,,,,,,,,,,,,,,,,,,,,,,,,,,,,,,,,,,,,,,,,,,,,,,,,,,,,,,,,,,,,,,,,,,,,,,,,,,,,,,,,,,,,,,,,,,,,,,,,,,,,,,,,,,,,,,,,,,,,,,,,,,,,
0,549대(세대당 1.65),"HT005, HF002",세종시 세종시 대평1길 37,세종시 세종시 대평동 706,10층/29층,169%,22%,"98A㎡, 98C㎡, 98B㎡, 113A㎡, 113C㎡, 113B㎡, 113D",우남건설주식회사,044-864-3707,127.276351,36.470462,98.01/72.51,3개/2개,136세대,계단식,98.24/72.84,3개/2개,17세대,계단식,98.01/72.51,3개/2개,8세대,계단식,113.83/84.66,4개/2개,143세대,계단식,해들2단지베아채,113.51/84.65,3개/2개,13세대,계단식,113.83/84.66,4개/2개,12세대,계단식,113.55/84.65,3개/2개,2세대,계단식,,,,,,,,,,,,,,,,,,,,,,,,,,,,,,,,,,,,,,,,,,,,,,,,,,,,,,,,,,,,,,,,,,,,,,,,,,,,,,,,,,,,,,,,,,,,,,,,,,,,,,,,,,,,,,,,,,,,,,,,,,,,,,,,,,,,,,,,,,,,,,,,,,,,,,,,,,,,,,,,,,,,,,,,,,,,,,,,,,,,,,,,,,,,,,,,,,,,,,,,,,,,,,,,,,,,,,,,
0,540대(세대당 1.47),"HT005, HF002",세종시 세종시 대평1길 38,세종시 세종시 대평동 705,8층/15층,126%,21%,"73㎡, 82㎡, 94㎡, 106㎡, 110㎡, 112",(주)우남건설,044-868-8041,127.278158,36.471417,73.79/50.34,2개/2개,220세대,계단식,82.13/56.5,2개/2개,4세대,계단식,94.44/65.43,2개/2개,4세대,계단식,106.26/79.8,3개/2개,124세대,계단식,해들3단지우남퍼스트빌,110.3/82.71,3개/2개,8세대,계단식,112.56/84.67,3개/2개,6세대,계단식,,,,,,,,,,,,,,,,,,,,,,,,,,,,,,,,,,,,,,,,,,,,,,,,,,,,,,,,,,,,,,,,,,,,,,,,,,,,,,,,,,,,,,,,,,,,,,,,,,,,,,,,,,,,,,,,,,,,,,,,,,,,,,,,,,,,,,,,,,,,,,,,,,,,,,,,,,,,,,,,,,,,,,,,,,,,,,,,,,,,,,,,,,,,,,,,,,,,,,,,,,,,,,,,,,,,,,,,,,,,
0,1491대(세대당 1.46),"HT005, HF002",세종시 세종시 대평로 34,세종시 세종시 대평동 704,10층/29층,160%,16%,"111A㎡, 111B㎡, 113C㎡, 125㎡, 127㎡, 142",중흥토건(주),044-868-6946,127.283053,36.471817,111.4/84.99,3개/2개,397세대,계단식,111.51/84.99,3개/2개,29세대,계단식,113.74/84.99,3개/2개,9세대,계단식,125.85/95.11,3개/2개,25세대,계단식,해들4단지중흥S클래스에듀퍼스트,127.77/98.11,3개/2개,431세대,계단식,142.33/109.87,3개/2개,124세대,계단식,,,,,,,,,,,,,,,,,,,,,,,,,,,,,,,,,,,,,,,,,,,,,,,,,,,,,,,,,,,,,,,,,,,,,,,,,,,,,,,,,,,,,,,,,,,,,,,,,,,,,,,,,,,,,,,,,,,,,,,,,,,,,,,,,,,,,,,,,,,,,,,,,,,,,,,,,,,,,,,,,,,,,,,,,,,,,,,,,,,,,,,,,,,,,,,,,,,,,,,,,,,,,,,,,,,,,,,,,,,,
0,1447대(세대당 1.7),"HT005, HF002",세종시 세종시 대평로 80,세종시 세종시 대평동 668,10층/30층,170%,21%,"128A㎡, 128D㎡, 128C㎡, 128B㎡, 128E㎡, 191P",대림산업(주),044-868-9235,127.278559,36.47506,128.66/99.18,4개/2개,348세대,계단식,128.62/99.07,3개/2개,326세대,계단식,128.69/99.25,4개/2개,100세대,계단식,128.66/99.18,4개/2개,48세대,계단식,해들6단지e편한세상세종리버파크,128.62/99.07,3개/2개,22세대,계단식,191.37/145.67,3개/3개,5세대,계단식,,,,,,,,,,,,,,,,,,,,,,,,,,,,,,,,,,,,,,,,,,,,,,,,,,,,,,,,,,,,,,,,,,,,,,,,,,,,,,,,,,,,,,,,,,,,,,,,,,,,,,,,,,,,,,,,,,,,,,,,,,,,,,,,,,,,,,,,,,,,,,,,,,,,,,,,,,,,,,,,,,,,,,,,,,,,,,,,,,,,,,,,,,,,,,,,,,,,,,,,,,,,,,,,,,,,,,,,,,,,
0,127대(세대당 0.72),"HT005, HF002",세종시 세종시 한누리대로 587,세종시 세종시 도담동 656,7층/8층,481%,69%,"28D㎡, 30E㎡, 31A㎡, 38C㎡, 39B㎡, 39B-1",(주)파인종합건설,044-866-5978,127.258484,36.515626,28.03/18.27,1개/1개,10세대,복도식,30.36/19.94,1개/1개,5세대,복도식,31.19/20.17,1개/1개,60세대,복도식,38.13/24.59,1개/1개,40세대,복도식,까사리움(도시형),39.37/25.35,1개/1개,59세대,복도식,39.37/25.35,1개/1개,1세대,복도식,,,,,,,,,,,,,,,,,,,,,,,,,,,,,,,,,,,,,,,,,,,,,,,,,,,,,,,,,,,,,,,,,,,,,,,,,,,,,,,,,,,,,,,,,,,,,,,,,,,,,,,,,,,,,,,,,,,,,,,,,,,,,,,,,,,,,,,,,,,,,,,,,,,,,,,,,,,,,,,,,,,,,,,,,,,,,,,,,,,,,,,,,,,,,,,,,,,,,,,,,,,,,,,,,,,,,,,,,,,,
0,858대(세대당 1.26),"HT005, HF002",세종시 세종시 보듬4로 20,세종시 세종시 도담동 853,14층/30층,167%,15%,"109A㎡, 109B㎡, 109C",(주)호반건설,044-863-7510,127.26119,36.512075,109.41/84.75,3개/2개,431세대,계단식,109.95/84.92,3개/2개,148세대,계단식,109.79/84.89,3개/2개,99세대,계단식,,,,,도램10단지호반베르디움어반시티,,,,,,,,,,,,,,,,,,,,,,,,,,,,,,,,,,,,,,,,,,,,,,,,,,,,,,,,,,,,,,,,,,,,,,,,,,,,,,,,,,,,,,,,,,,,,,,,,,,,,,,,,,,,,,,,,,,,,,,,,,,,,,,,,,,,,,,,,,,,,,,,,,,,,,,,,,,,,,,,,,,,,,,,,,,,,,,,,,,,,,,,,,,,,,,,,,,,,,,,,,,,,,,,,,,,,,,,,,,,,,,,,,,,
0,738대(세대당 1.27),"HT005, HF002",세종시 세종시 보듬4로 9,세종시 세종시 도담동 653,23층/30층,357%,42%,"112B㎡, 112A㎡, 112C",(주)반도건설,044-865-9071,127.260023,36.513916,112.36/84.97,3개/2개,349세대,계단식,112.19/84.98,3개/2개,203세대,계단식,112.17/84.98,3개/2개,28세대,계단식,,,,,도램11단지반도유보라(주상복합),,,,,,,,,,,,,,,,,,,,,,,,,,,,,,,,,,,,,,,,,,,,,,,,,,,,,,,,,,,,,,,,,,,,,,,,,,,,,,,,,,,,,,,,,,,,,,,,,,,,,,,,,,,,,,,,,,,,,,,,,,,,,,,,,,,,,,,,,,,,,,,,,,,,,,,,,,,,,,,,,,,,,,,,,,,,,,,,,,,,,,,,,,,,,,,,,,,,,,,,,,,,,,,,,,,,,,,,,,,,,,,,,,,,
0,273대(세대당 1.43),"HT005, HF002",세종시 세종시 보듬4로 19,세종시 세종시 도담동 651,13층/19층,133%,15%,"107㎡, 123",혜림건설(주),044-866-0830,127.261903,36.513441,107.91/84.95,3개/2개,62세대,계단식,123.33/98.04,4개/2개,128세대,계단식,,,,,,,,,도램12단지모아엘가에듀힐,,,,,,,,,,,,,,,,,,,,,,,,,,,,,,,,,,,,,,,,,,,,,,,,,,,,,,,,,,,,,,,,,,,,,,,,,,,,,,,,,,,,,,,,,,,,,,,,,,,,,,,,,,,,,,,,,,,,,,,,,,,,,,,,,,,,,,,,,,,,,,,,,,,,,,,,,,,,,,,,,,,,,,,,,,,,,,,,,,,,,,,,,,,,,,,,,,,,,,,,,,,,,,,,,,,,,,,,,,,,,,,,,,,,
0,1487대(세대당 1.51),"HT005, HF002",세종시 세종시 보듬2로 42,세종시 세종시 도담동 858,26층/30층,167%,11%,"129A㎡, 129B㎡, 129㎡, 144㎡, 193",한림건설(주),044-866-5811,127.265746,36.50967,129.02/99.98,4개/2개,488세대,계단식,129.92/99.99,4개/2개,217세대,계단식,129.06/100.01,4개/2개,136세대,계단식,144.23/111.99,4개/2개,133세대,계단식,도램14단지한림풀에버,193.73/148.1,4개/3개,5세대,계단식,,,,,,,,,,,,,,,,,,,,,,,,,,,,,,,,,,,,,,,,,,,,,,,,,,,,,,,,,,,,,,,,,,,,,,,,,,,,,,,,,,,,,,,,,,,,,,,,,,,,,,,,,,,,,,,,,,,,,,,,,,,,,,,,,,,,,,,,,,,,,,,,,,,,,,,,,,,,,,,,,,,,,,,,,,,,,,,,,,,,,,,,,,,,,,,,,,,,,,,,,,,,,,,,,,,,,,,,,,,,,,,,
0,1161대(세대당 1.32),"HT005, HF002",세종시 세종시 보듬2로 43,세종시 세종시 도담동 859,18층/30층,167%,12%,"112A㎡, 112E㎡, 112B㎡, 113C㎡, 113D",현대건설(주),044-868-6634,127.265095,36.512361,112.7/84.91,3개/2개,173세대,계단식,112.45/84.94,3개/2개,140세대,계단식,112.2/84.84,3개/2개,66세대,계단식,113.52/84.94,3개/2개,318세대,계단식,도램15단지힐스테이트,113.33/84.81,3개/2개,179세대,계단식,,,,,,,,,,,,,,,,,,,,,,,,,,,,,,,,,,,,,,,,,,,,,,,,,,,,,,,,,,,,,,,,,,,,,,,,,,,,,,,,,,,,,,,,,,,,,,,,,,,,,,,,,,,,,,,,,,,,,,,,,,,,,,,,,,,,,,,,,,,,,,,,,,,,,,,,,,,,,,,,,,,,,,,,,,,,,,,,,,,,,,,,,,,,,,,,,,,,,,,,,,,,,,,,,,,,,,,,,,,,,,,,
0,914대(세대당 1.24),"HT005, HF002",세종시 세종시 다솜1로 140,세종시 세종시 도담동 845,16층/25층,168%,13%,"82E㎡, 82A㎡, 82B㎡, 82C㎡, 82D㎡, 114C㎡, 115A㎡, 115B㎡, 116E㎡, 116D㎡, 117G㎡, 119F",극동건설(주),044-866-5041,127.257113,36.510004,82.31/59.98,3개/2개,68세대,계단식,82.28/59.97,3개/2개,62세대,계단식,82.1/59.99,3개/2개,60세대,계단식,82.01/59.97,3개/2개,60세대,계단식,도램1단지웅진스타클래스1차,82.28/59.98,3개/2개,60세대,계단식,114.6/84.96,3개/2개,71세대,계단식,115.43/84.98,3개/2개,69세대,계단식,115.33/84.99,3개/2개,69세대,계단식,116.04/84.98,3개/2개,138세대,계단식,116.46/84.98,3개/2개,71세대,계단식,117.98/84.95,3개/2개,2세대,계단식,119.78/84.96,3개/2개,2세대,계단식,,,,,,,,,,,,,,,,,,,,,,,,,,,,,,,,,,,,,,,,,,,,,,,,,,,,,,,,,,,,,,,,,,,,,,,,,,,,,,,,,,,,,,,,,,,,,,,,,,,,,,,,,,,,,,,,,,,,,,,,,,,,,,,,,,,,,,,,,,,,,,,,,,,,,,,,,,,,,,,,,,,,,,,,,,,,,,,,,,,,,,,,,,,,,,,,,,,,
0,870대(세대당 1.21),"HT005, HF002",세종시 세종시 보람로 96,세종시 세종시 도담동 633,13층/30층,167%,15%,"108A㎡, 111B",(주)한양,044-864-2078,127.263542,36.517173,108.76/84.85,3개/2개,630세대,계단식,111.82/84.96,4개/2개,88세대,계단식,,,,,,,,,도램20단지한양수자인에듀파크,,,,,,,,,,,,,,,,,,,,,,,,,,,,,,,,,,,,,,,,,,,,,,,,,,,,,,,,,,,,,,,,,,,,,,,,,,,,,,,,,,,,,,,,,,,,,,,,,,,,,,,,,,,,,,,,,,,,,,,,,,,,,,,,,,,,,,,,,,,,,,,,,,,,,,,,,,,,,,,,,,,,,,,,,,,,,,,,,,,,,,,,,,,,,,,,,,,,,,,,,,,,,,,,,,,,,,,,,,,,,,,,,,,,
0,198대(세대당 1.24),"HT005, HF002",세종시 세종시 다솜1로 200,세종시 세종시 도담동 681,14층/18층,129%,13%,"81A㎡, 82B",(주)라인,044-868-6361,127.256179,36.515478,81.32/59.98,3개/2개,124세대,계단식,82.34/59.96,3개/2개,35세대,계단식,,,,,,,,,도램4단지이지더원,,,,,,,,,,,,,,,,,,,,,,,,,,,,,,,,,,,,,,,,,,,,,,,,,,,,,,,,,,,,,,,,,,,,,,,,,,,,,,,,,,,,,,,,,,,,,,,,,,,,,,,,,,,,,,,,,,,,,,,,,,,,,,,,,,,,,,,,,,,,,,,,,,,,,,,,,,,,,,,,,,,,,,,,,,,,,,,,,,,,,,,,,,,,,,,,,,,,,,,,,,,,,,,,,,,,,,,,,,,,,,,,,,,,
0,495대(세대당 1.22),"HT005, HF002",세종시 세종시 다솜1로 220,세종시 세종시 도담동 627,24층/29층,164%,12%,"82A㎡, 84B",혜림건설(주),044-867-9880,127.257152,36.517454,82.87/59.88,3개/2개,267세대,계단식,84.09/59.99,3개/2개,136세대,계단식,,,,,,,,,도램5단지모아엘가에코힐,,,,,,,,,,,,,,,,,,,,,,,,,,,,,,,,,,,,,,,,,,,,,,,,,,,,,,,,,,,,,,,,,,,,,,,,,,,,,,,,,,,,,,,,,,,,,,,,,,,,,,,,,,,,,,,,,,,,,,,,,,,,,,,,,,,,,,,,,,,,,,,,,,,,,,,,,,,,,,,,,,,,,,,,,,,,,,,,,,,,,,,,,,,,,,,,,,,,,,,,,,,,,,,,,,,,,,,,,,,,,,,,,,,,
0,1059대(세대당 1.51),"HT005, HF002",세종시 세종시 보람로 15,세종시 세종시 도담동 855,15층/29층,166%,16%,"124A㎡, 125B㎡, 140",제일건설(주),044-863-8034,127.262728,36.509877,124.86/95.8,4개/2개,391세대,계단식,125.08/95.62,3개/2개,113세대,계단식,140.67/106.63,4개/2개,196세대,계단식,,,,,도램9단지풍경채센트럴,,,,,,,,,,,,,,,,,,,,,,,,,,,,,,,,,,,,,,,,,,,,,,,,,,,,,,,,,,,,,,,,,,,,,,,,,,,,,,,,,,,,,,,,,,,,,,,,,,,,,,,,,,,,,,,,,,,,,,,,,,,,,,,,,,,,,,,,,,,,,,,,,,,,,,,,,,,,,,,,,,,,,,,,,,,,,,,,,,,,,,,,,,,,,,,,,,,,,,,,,,,,,,,,,,,,,,,,,,,,,,,,,,,,
0,184대(세대당 0.63),"HT005, HF002",세종시 세종시 보듬3로 8-12,세종시 세종시 도담동 664,8층/8층,355%,69%,"35C㎡, 35A1㎡, 35A2㎡, 35B㎡, 37D1㎡, 38D2㎡, 38D3㎡, 41E1㎡, 41E2㎡, 41E3㎡, 41E4㎡, 41E5㎡, 41E6㎡, 41E7㎡, 41E8㎡, 41E9㎡, 41F1㎡, 41G1㎡, 41H1㎡, 41I㎡, 41J㎡, 42K㎡, 45L2㎡, 46L1㎡, 49M1㎡, 49M2㎡, 49M3㎡, 49M4㎡, 49M5㎡, 49M6㎡, 49M7㎡, 49M8㎡, 51N1㎡, 52O1㎡, 52N2㎡, 53O2㎡, 54O3㎡, 57P",라온산업개발(주),031-203-8960,127.258732,36.513439,35.99/18.3,1개/1개,32세대,복도식,35.03/17.8,1개/1개,8세대,복도식,35.7/17.8,1개/1개,8세대,복도식,35.5/18.07,1개/1개,8세대,복도식,라온프라이빗시티Ⅰ(도시형),37.7/19.16,1개/1개,92세대,복도식,38.42/19.16,1개/1개,24세대,복도식,38.8/19.16,1개/1개,19세대,복도식,41.1/20.94,1개/1개,4세대,복도식,41.1/20.94,1개/1개,4세대,복도식,41.1/20.94,1개/1개,4세대,복도식,41.1/20.94,1개/1개,4세대,복도식,41.1/20.94,1개/1개,4세대,복도식,41.1/20.94,1개/1개,4세대,복도식,41.1/20.94,1개/1개,4세대,복도식,41.1/20.94,1개/1개,4세대,복도식,41.1/20.94,1개/1개,4세대,복도식,41.34/21.05,1개/1개,4세대,복도식,41.25/21.02,1개/1개,4세대,복도식,41.41/21.1,1개/1개,4세대,복도식,41.56/21.18,1개/1개,4세대,복도식,41.87/21.35,1개/1개,4세대,복도식,42.18/21.51,1개/1개,4세대,복도식,45.57/22.82,1개/1개,1세대,복도식,46.02/22.82,1개/1개,1세대,복도식,49.68/24.83,1개/1개,1세대,복도식,49.68/24.83,1개/1개,1세대,복도식,49.68/24.83,1개/1개,1세대,복도식,49.68/24.83,1개/1개,1세대,복도식,49.68/24.83,1개/1개,1세대,복도식,49.68/24.83,1개/1개,1세대,복도식,49.68/24.83,1개/1개,1세대,복도식,49.68/24.83,1개/1개,1세대,복도식,51.55/26.38,1개/1개,4세대,복도식,52.58/26.98,1개/1개,8세대,복도식,52.54/26.38,1개/1개,1세대,복도식,53.59/26.98,1개/1개,2세대,복도식,54.12/26.98,1개/1개,3세대,복도식,57.58/28.56,1개/1개,11세대,복도식,,,,,,,,,,,,,,,,,,,,,,,,,,,,,,,,,,,,,,,,,,,,,,,,,,,,,,,,,,,,,,,,,,,,,,,,,,,,,,,,,,,,,,,,,,,,
0,216대(세대당 0.74),"HT005, HF002",세종시 세종시 보듬3로 6,세종시 세종시 도담동 666,6층/8층,352%,68%,"34A㎡, 35B㎡, 37C1㎡, 37C2㎡, 37C3㎡, 38D㎡, 38E1㎡, 39E2㎡, 39E3㎡, 41F1㎡, 41F2㎡, 41F3㎡, 41I2㎡, 46E4㎡, 46E5㎡, 48G㎡, 51H1㎡, 51H2㎡, 52I1㎡, 52I3㎡, 55J㎡, 70L㎡, 70K㎡, 72M",라온산업개발(주),044-868-6642,127.258801,36.513473,34.85/17.8,1개/1개,8세대,복도식,35.68/18.3,1개/1개,32세대,복도식,37.38/19.16,1개/1개,64세대,복도식,37.5/19.16,1개/1개,16세대,복도식,라온프라이빗시티Ⅱ(도시형),37.55/19.16,1개/1개,12세대,복도식,38.21/19.62,1개/1개,60세대,복도식,38.84/19.9,1개/1개,4세대,복도식,39.02/19.9,1개/1개,1세대,복도식,39.02/19.9,1개/1개,1세대,복도식,41.35/21.27,1개/1개,36세대,복도식,41.42/21.27,1개/1개,8세대,복도식,41.45/21.27,1개/1개,7세대,복도식,41.22/26.98,1개/1개,2세대,복도식,46.13/19.9,1개/1개,1세대,복도식,46.13/19.9,1개/1개,1세대,복도식,48.49/24.83,1개/1개,8세대,복도식,51.1/26.38,1개/1개,4세대,복도식,51.27/26.38,1개/1개,1세대,복도식,52.12/26.98,1개/1개,8세대,복도식,52.36/26.98,1개/1개,3세대,복도식,55.72/28.56,1개/1개,6세대,복도식,70.71/36.43,1개/1개,4세대,복도식,70.88/36.43,1개/1개,2세대,복도식,72.89/36.43,1개/1개,2세대,복도식,,,,,,,,,,,,,,,,,,,,,,,,,,,,,,,,,,,,,,,,,,,,,,,,,,,,,,,,,,,,,,,,,,,,,,,,,,,,,,,,,,,,,,,,,,,,,,,,,,,,,,,,,,,,,,,,,,,,,,,,,,,,,,,,,,,,,,,,,,,,,,,,,,,,
0,168대(세대당 0.98),"HT001, HF001",세종시 세종시 한누리대로 1940,세종시 세종시 반곡동 4121-1002,6층/6층,391%,69%,"36A㎡, 37B㎡, 37C㎡, 38A㎡, 38B㎡, 38C㎡, 39D㎡, 39E㎡, 39F㎡, 40G㎡, 40H㎡, 41B㎡, 41A㎡, 41C㎡, 42D㎡, 42E㎡, 42F㎡, 42H㎡, 42G㎡, 43L㎡, 43M㎡, 43I㎡, 43J㎡, 43N㎡, 43K㎡, 44A㎡, 44B㎡, 44O㎡, 44Q㎡, 44P㎡, 45D㎡, 45C㎡, 45F㎡, 45E㎡, 45G㎡, 46J㎡, 46H㎡, 46I㎡, 46K㎡, 66",디엘종합건설(주),044-864-1943,127.303173,36.491146,36.65/21.22,1개/1개,2세대,복도식,37.03/21.45,1개/1개,2세대,복도식,37.79/21.91,1개/1개,2세대,복도식,38.19/22.15,1개/1개,2세대,복도식,세종펠리스(도시형),38.42/22.27,1개/1개,1세대,복도식,38.83/22.56,1개/1개,1세대,복도식,39.17/22.71,1개/1개,1세대,복도식,39.27/22.79,1개/1개,1세대,복도식,39.55/22.94,1개/1개,1세대,복도식,40.35/23.43,1개/1개,1세대,복도식,40.75/23.67,1개/1개,1세대,복도식,41.66/24.18,1개/1개,16세대,복도식,41.44/24.06,1개/1개,1세대,복도식,41.82/24.29,1개/1개,1세대,복도식,42.01/24.4,1개/1개,5세대,복도식,42.06/24.44,1개/1개,3세대,복도식,42.44/24.66,1개/1개,3세대,복도식,42.82/24.88,1개/1개,3세대,복도식,42.76/24.87,1개/1개,1세대,복도식,43.37/25.23,1개/1개,6세대,복도식,43.57/25.33,1개/1개,4세대,복도식,43.03/25.03,1개/1개,3세대,복도식,43.2/25.1,1개/1개,3세대,복도식,43.95/25.56,1개/1개,2세대,복도식,43.16/25.11,1개/1개,1세대,복도식,44.71/26.01,1개/1개,4세대,복도식,44.92/26.15,1개/1개,4세대,복도식,44.11/25.67,1개/1개,3세대,복도식,44.51/25.91,1개/1개,3세대,복도식,44.33/25.78,1개/1개,2세대,복도식,45.14/26.26,1개/1개,35세대,복도식,45.09/26.24,1개/1개,3세대,복도식,45.47/26.46,1개/1개,3세대,복도식,45.32/26.39,1개/1개,2세대,복도식,45.72/26.63,1개/1개,2세대,복도식,46.6/27.15,1개/1개,30세대,복도식,46.12/26.87,1개/1개,4세대,복도식,46.52/27.11,1개/1개,3세대,복도식,46.93/27.35,1개/1개,3세대,복도식,66.64/39.04,1개/1개,2세대,복도식,,,,,,,,,,,,,,,,,,,,,,,,,,,,,,,,,,,,,,,,,,,,,,,,,,,,,,,,,,,,,,,,,,,,,,,,,,,,,,,,,,,,
0,1825대(세대당 1.64),"HT005, HF002",세종시 세종시 반곡로 14,세종시 세종시 반곡동 851,9층/29층,184%,24%,"114A㎡, 114B㎡, 114A-1㎡, 114AH㎡, 117AG㎡, 130A㎡, 131B㎡, 131F㎡, 131B2㎡, 131A3-2㎡, 131A3-1㎡, 131A3㎡, 131AH㎡, 132BH㎡, 133E2㎡, 133E1㎡, 135C1㎡, 135C3㎡, 135C2㎡, 135D2㎡, 135D1㎡, 137T2㎡, 138T1㎡, 150A3㎡, 151A1㎡, 151A2㎡, 154C㎡, 166A㎡, 172A㎡, 190A㎡, 212A㎡, 213B㎡, 214C㎡, 268A","신동아건설(주),롯데건설(주)",044-868-6396,127.307164,36.498001,114.16/84.45,4개/2개,389세대,계단식,114.82/84.49,3개/2개,35세대,계단식,114.16/84.45,4개/2개,12세대,계단식,114.63/84.2,2개/2개,1세대,계단식,수루배1단지캐슬&파밀리에디아트,117.8/84.77,2개/2개,3세대,계단식,130.57/96.92,4개/2개,216세대,계단식,131.66/96.78,3개/2개,127세대,계단식,131.55/96.81,3개/2개,72세대,계단식,131.66/96.78,3개/2개,60세대,계단식,131.27/96.53,4개/2개,22세대,계단식,131.27/96.53,4개/2개,18세대,계단식,131.27/96.53,4개/2개,8세대,계단식,131.3/96.96,3개/2개,1세대,계단식,132.71/96.66,3개/2개,1세대,계단식,133.16/96.96,3개/2개,8세대,계단식,133.47/96.91,3개/2개,6세대,계단식,135.62/98.68,3개/2개,12세대,계단식,135.57/98.29,3개/2개,12세대,계단식,135.52/98.8,3개/2개,11세대,계단식,135.02/96.95,3개/2개,8세대,계단식,135.38/96.82,3개/2개,6세대,계단식,137.79/99.73,3개/2개,2세대,계단식,138.03/99.7,3개/2개,2세대,계단식,150.68/112.11,4개/2개,16세대,계단식,151.7/112.32,3개/2개,18세대,계단식,151.25/112.51,3개/2개,18세대,계단식,154.49/112.14,3개/2개,2세대,계단식,166.47/121.85,5개/3개,4세대,계단식,172.93/125.27,3개/3개,7세대,계단식,190.96/139.01,3개/3개,5세대,계단식,212.97/155.35,3개/3개,2세대,계단식,213.56/155.87,4개/2개,2세대,계단식,214.53/155.91,3개/3개,3세대,계단식,268.97/197.37,4개/3개,2세대,계단식,,,,,,,,,,,,,,,,,,,,,,,,,,,,,,,,,,,,,,,,,,,,,,,,,,,,,,,,,,,,,,,,,,,,,,,,,,,,,,,,,,,,,,,,,,,,,,,,,,,,,,,,,,,,
0,759대(세대당 1.28),"HT005, HF002",세종시 세종시 반곡1길 9,세종시 세종시 반곡동 897,10층/18층,146%,24%,"74A㎡, 74A-3㎡, 74A-4㎡, 74A-1㎡, 74A-2㎡, 84A㎡, 84A-1㎡, 84A-2㎡, 84A-3㎡, 84A-4㎡, 89A㎡, 89B㎡, 99T1㎡, 99T2㎡, 99T1-A㎡, 99T2-A㎡, 119A㎡, 120B㎡, 122F㎡, 122C㎡, 123G㎡, 124D㎡, 124E","신동아건설(주),롯데건설(주)",044-868-1461,127.310298,36.496363,74.35/51.9,2개/1개,81세대,계단식,74.35/51.9,2개/1개,8세대,계단식,74.35/51.9,2개/1개,6세대,계단식,74.35/51.9,2개/1개,4세대,계단식,수루배2단지캐슬&파밀리에디아트,74.35/51.9,2개/1개,4세대,계단식,84.36/59.22,3개/2개,212세대,계단식,84.36/59.22,3개/2개,14세대,계단식,84.36/59.22,3개/2개,13세대,계단식,84.36/59.22,3개/2개,4세대,계단식,84.36/59.22,3개/2개,4세대,계단식,89.25/62.98,3개/2개,54세대,계단식,89.54/62.11,3개/2개,54세대,계단식,99.87/69.38,3개/2개,7세대,계단식,99.87/69.38,3개/2개,7세대,계단식,99.81/69.17,3개/2개,3세대,계단식,99.81/69.17,3개/2개,3세대,계단식,119.4/84.45,4개/2개,23세대,계단식,120.06/84.49,3개/2개,67세대,계단식,122.41/84.67,4개/2개,8세대,계단식,122.54/84.75,4개/2개,4세대,계단식,123.29/84.2,3개/2개,4세대,계단식,124.45/84.75,3개/2개,6세대,계단식,124.16/84.87,3개/2개,2세대,계단식,,,,,,,,,,,,,,,,,,,,,,,,,,,,,,,,,,,,,,,,,,,,,,,,,,,,,,,,,,,,,,,,,,,,,,,,,,,,,,,,,,,,,,,,,,,,,,,,,,,,,,,,,,,,,,,,,,,,,,,,,,,,,,,,,,,,,,,,,,,,,,,,,,,,,,,,
0,1225대(세대당 1.56),"HT005, HF002",세종시 세종시 반곡로 15,세종시 세종시 반곡동 852,8층/29층,179%,21%,"110A㎡, 110C㎡, 110D㎡, 111B㎡, 128A㎡, 129D㎡, 129C-2㎡, 130E㎡, 130B-1㎡, 130B-2㎡, 130C-1㎡, 131C-3㎡, 135A㎡, 139A㎡, 178A","계룡건설(주),(주)한 양",044-862-6728,127.308806,36.499607,110.2/84.79,3개/2개,192세대,계단식,110.86/84.43,3개/2개,65세대,계단식,110.44/84.93,3개/2개,7세대,계단식,111.06/84.62,3개/2개,213세대,계단식,수루배3단지리슈빌더리버,128.86/98.6,4개/2개,17세대,계단식,129.02/98.47,4개/3개,4세대,계단식,129.87/98.71,3개/2개,1세대,계단식,130.27/98.6,3개/2개,5세대,계단식,130.66/98.82,3개/2개,2세대,계단식,130.33/98.73,3개/2개,2세대,계단식,130.68/98.87,3개/2개,1세대,계단식,131.24/98.83,3개/2개,1세대,계단식,135.4/102.62,3개/2개,266세대,계단식,139.23/105.93,4개/3개,2세대,계단식,178.84/134.88,3개/2개,6세대,계단식,,,,,,,,,,,,,,,,,,,,,,,,,,,,,,,,,,,,,,,,,,,,,,,,,,,,,,,,,,,,,,,,,,,,,,,,,,,,,,,,,,,,,,,,,,,,,,,,,,,,,,,,,,,,,,,,,,,,,,,,,,,,,,,,,,,,,,,,,,,,,,,,,,,,,,,,,,,,,,,,,,,,,,,,,,,,,,,,,,,,,,,,
0,1565대(세대당 1.43),"HT005, HF002",세종시 세종시 시청대로 500,세종시 세종시 반곡동 857,4층/29층,182%,21%,"80A㎡, 80A1㎡, 80B㎡, 80A2㎡, 80K㎡, 87A㎡, 87A1㎡, 104㎡, 113A㎡, 113A1㎡, 113F㎡, 114B㎡, 114C㎡, 114D㎡, 116E1㎡, 116E㎡, 128B㎡, 128A㎡, 138A㎡, 138B㎡, 147","(주)포스코건설,(주)금성백조주택",044-715-7013,127.31386,36.500126,80.83/59.9,2개/2개,140세대,계단식,80.83/59.9,2개/2개,123세대,계단식,80.98/59.9,3개/2개,33세대,계단식,80.83/59.9,2개/2개,5세대,계단식,수루배4단지더샵예미지,80.83/59.9,2개/2개,4세대,계단식,87.63/64.68,2개/2개,6세대,계단식,87.63/64.68,2개/2개,6세대,계단식,104.84/77.92,3개/2개,6세대,계단식,113.45/84.89,3개/2개,265세대,계단식,113.45/84.89,3개/2개,3세대,계단식,113.45/84.89,3개/2개,2세대,계단식,114.25/84.97,3개/2개,102세대,계단식,114.66/84.96,3개/2개,23세대,계단식,114.85/84.86,2개/2개,14세대,계단식,116.56/84.98,3개/2개,6세대,계단식,116.56/84.98,3개/2개,3세대,계단식,128.49/94.96,3개/2개,124세대,계단식,128.62/94.97,3개/2개,123세대,계단식,138.04/102.85,2개/2개,10세대,계단식,138.04/102.85,2개/2개,10세대,계단식,147.47/109.89,3개/2개,84세대,계단식,,,,,,,,,,,,,,,,,,,,,,,,,,,,,,,,,,,,,,,,,,,,,,,,,,,,,,,,,,,,,,,,,,,,,,,,,,,,,,,,,,,,,,,,,,,,,,,,,,,,,,,,,,,,,,,,,,,,,,,,,,,,,,,,,,,,,,,,,,,,,,,,,,,,,,,,,,,,,,,,
0,1005대(세대당 1.23),"HT005, HF002",세종시 세종시 시청대로 598,세종시 세종시 반곡동 1035,6층/20층,149%,22%,"63㎡, 82A1㎡, 82A㎡, 82E㎡, 82F㎡, 82I㎡, 82G㎡, 82J㎡, 82G1㎡, 83B㎡, 83C㎡, 83D㎡, 83D1㎡, 84H㎡, 93A㎡, 93A1㎡, 99A1㎡, 99A㎡, 100B㎡, 100B1㎡, 101C㎡, 103B㎡, 103B1㎡, 104A㎡, 104C㎡, 104E㎡, 105D㎡, 112B㎡, 113A","(주)포스코건설,(주)금성백조주택",044-868-9768,127.317831,36.49406,63.74/45.08,1개/1개,1세대,계단식,82.89/59.9,2개/2개,196세대,계단식,82.89/59.9,2개/2개,119세대,계단식,82.34/59.51,2개/1개,7세대,계단식,수루배6단지세종더샵예미지(L4블록),82.05/59.22,2개/1개,5세대,계단식,82.89/59.9,2개/2개,5세대,계단식,82.35/59.24,2개/1개,2세대,계단식,82.34/59.51,2개/1개,2세대,계단식,82.35/59.24,2개/1개,1세대,계단식,83.04/59.9,3개/2개,80세대,계단식,83.35/59.9,2개/2개,53세대,계단식,83.12/59.7,2개/1개,6세대,계단식,83.12/59.7,2개/1개,2세대,계단식,84.41/59.52,1개/2개,2세대,계단식,93.97/67.55,2개/2개,2세대,계단식,93.97/67.55,2개/2개,2세대,계단식,99.94/72.15,3개/2개,2세대,계단식,99.94/72.15,3개/2개,1세대,계단식,100.45/72.59,3개/2개,259세대,계단식,100.45/72.59,3개/2개,19세대,계단식,101.68/72.28,2개/2개,1세대,계단식,103.59/75.42,3개/2개,26세대,계단식,103.59/75.42,3개/2개,2세대,계단식,104.08/75.34,3개/2개,5세대,계단식,104.85/75.34,3개/2개,5세대,계단식,104.08/75.34,3개/2개,2세대,계단식,105.34/75.63,3개/2개,1세대,계단식,112.63/82.09,3개/2개,2세대,계단식,113.48/82.01,3개/2개,2세대,계단식,,,,,,,,,,,,,,,,,,,,,,,,,,,,,,,,,,,,,,,,,,,,,,,,,,,,,,,,,,,,,,,,,,,,,,,,,,,,,,,,,,,,,,,,,,,,,,,,,,,,,,,,,,,,,,,,,,,,,,,,,,,,,,,,
0,1097대(세대당 1.67),"HT005, HF002",세종시 세종시 시청대로 210,세종시 세종시 보람동 713,10층/29층,181%,18%,"128㎡, 143B㎡, 143A㎡, 223",중흥건설(주),044-866-6930,127.294314,36.482334,128.13/98.06,3개/2개,358세대,계단식,143.64/109.53,3개/2개,156세대,계단식,143.68/109.96,3개/2개,137세대,계단식,223.93/169.05,4개/3개,5세대,계단식,호려울10단지중흥S-클래스리버뷰2차,,,,,,,,,,,,,,,,,,,,,,,,,,,,,,,,,,,,,,,,,,,,,,,,,,,,,,,,,,,,,,,,,,,,,,,,,,,,,,,,,,,,,,,,,,,,,,,,,,,,,,,,,,,,,,,,,,,,,,,,,,,,,,,,,,,,,,,,,,,,,,,,,,,,,,,,,,,,,,,,,,,,,,,,,,,,,,,,,,,,,,,,,,,,,,,,,,,,,,,,,,,,,,,,,,,,,,,,,,,,,,,,,,,,
0,1337대(세대당 1.33),"HT005, HF002",세종시 세종시 남세종로 503,세종시 세종시 보람동 786,10층/29층,181%,15%,"82A㎡, 83B㎡, 112A㎡, 112B",대방건설(주),044-867-9014,127.28533,36.474314,82.74/59.98,3개/2개,594세대,계단식,83.51/59.95,3개/2개,254세대,계단식,112.4/84.99,4개/2개,115세대,계단식,112.81/84.92,3개/2개,39세대,계단식,호려울1단지대방노블랜드,,,,,,,,,,,,,,,,,,,,,,,,,,,,,,,,,,,,,,,,,,,,,,,,,,,,,,,,,,,,,,,,,,,,,,,,,,,,,,,,,,,,,,,,,,,,,,,,,,,,,,,,,,,,,,,,,,,,,,,,,,,,,,,,,,,,,,,,,,,,,,,,,,,,,,,,,,,,,,,,,,,,,,,,,,,,,,,,,,,,,,,,,,,,,,,,,,,,,,,,,,,,,,,,,,,,,,,,,,,,,,,,,,,,
0,1048대(세대당 1.46),"HT005, HF002",세종시 세종시 시청대로 78,세종시 세종시 보람동 730,10층/29층,184%,18%,"81A-2㎡, 81A-1㎡, 81D-2㎡, 81D-1㎡, 82C㎡, 82E㎡, 82B㎡, 112D㎡, 113B㎡, 113A-2㎡, 113A-1㎡, 113C㎡, 115F㎡, 117E",신동아건설(주),044-866-0713,127.281835,36.47701,81.94/59.96,3개/2개,131세대,계단식,81.94/59.96,3개/2개,113세대,계단식,81.94/59.96,3개/2개,56세대,계단식,81.94/59.96,3개/2개,26세대,계단식,호려울3단지신동아파밀리에,82.56/59.95,3개/2개,84세대,계단식,82.24/59.96,3개/2개,13세대,계단식,82.11/59.97,3개/2개,8세대,계단식,112.99/84.37,3개/2개,102세대,계단식,113.84/84.37,3개/2개,102세대,계단식,113.25/84.38,3개/2개,52세대,계단식,113.25/84.38,3개/2개,10세대,계단식,113.94/84.37,3개/2개,10세대,계단식,115.51/84.97,3개/2개,4세대,계단식,117.25/84.98,3개/2개,2세대,계단식,,,,,,,,,,,,,,,,,,,,,,,,,,,,,,,,,,,,,,,,,,,,,,,,,,,,,,,,,,,,,,,,,,,,,,,,,,,,,,,,,,,,,,,,,,,,,,,,,,,,,,,,,,,,,,,,,,,,,,,,,,,,,,,,,,,,,,,,,,,,,,,,,,,,,,,,,,,,,,,,,,,,,,,,,,,,,,,,,,,,,,,,,,,,
0,1131대(세대당 1.74),"HT005, HF002",세종시 세종시 남세종로 469,세종시 세종시 보람동 784,9층/22층,145%,18%,"103A㎡, 103B㎡, 103C㎡, 142D",주식회사라인건설,044-866-6871,127.288731,36.475635,103.51/80.8,3개/2개,243세대,계단식,103.51/80.8,3개/2개,24세대,계단식,103.51/80.8,3개/2개,12세대,계단식,142.59/111.98,4개/2개,370세대,계단식,호려울4단지이지더원센트럴파크,,,,,,,,,,,,,,,,,,,,,,,,,,,,,,,,,,,,,,,,,,,,,,,,,,,,,,,,,,,,,,,,,,,,,,,,,,,,,,,,,,,,,,,,,,,,,,,,,,,,,,,,,,,,,,,,,,,,,,,,,,,,,,,,,,,,,,,,,,,,,,,,,,,,,,,,,,,,,,,,,,,,,,,,,,,,,,,,,,,,,,,,,,,,,,,,,,,,,,,,,,,,,,,,,,,,,,,,,,,,,,,,,,,,
0,776대(세대당 1.52),"HT005, HF002",세종시 세종시 남세종로 441,세종시 세종시 보람동 783,10층/22층,145%,18%,"111㎡, 111S㎡, 129㎡, 129S",제일건설(주),044-868-2573,127.291177,36.476409,111.2/84.93,4개/2개,160세대,계단식,111.2/84.93,4개/2개,76세대,계단식,129.46/99.98,3개/2개,138세대,계단식,129.46/99.98,4개/2개,136세대,계단식,호려울5단지풍경채퍼스트&파크,,,,,,,,,,,,,,,,,,,,,,,,,,,,,,,,,,,,,,,,,,,,,,,,,,,,,,,,,,,,,,,,,,,,,,,,,,,,,,,,,,,,,,,,,,,,,,,,,,,,,,,,,,,,,,,,,,,,,,,,,,,,,,,,,,,,,,,,,,,,,,,,,,,,,,,,,,,,,,,,,,,,,,,,,,,,,,,,,,,,,,,,,,,,,,,,,,,,,,,,,,,,,,,,,,,,,,,,,,,,,,,,,,,,
0,818대(세대당 1.64),"HT005, HF002",세종시 세종시 보람동로 13,세종시 세종시 보람동 779,10층/18층,133%,19%,"111A㎡, 111B㎡, 119A㎡, 120B㎡, 128A㎡, 129B㎡, 131A㎡, 132B㎡, 132C㎡, 140A1㎡, 141B1㎡, 141C㎡, 143A2㎡, 143B2㎡, 150A1㎡, 151B1㎡, 152A2㎡, 153B2㎡, 162A",(주)모아주택산업,044-864-1264,127.294339,36.476772,111.09/84.84,3개/2개,122세대,계단식,111.35/84.71,3개/2개,30세대,계단식,119.86/91.92,4개/2개,10세대,계단식,120.11/91.8,4개/2개,2세대,계단식,호려울6단지모아엘가더테라스,128.92/99.44,4개/2개,2세대,계단식,129.17/99.31,4개/2개,1세대,계단식,131.95/101.65,4개/2개,115세대,계단식,132.52/101.69,4개/2개,79세대,계단식,132.53/101.69,4개/2개,16세대,계단식,140.79/108.78,4개/2개,10세대,계단식,141.39/108.87,4개/2개,6세대,계단식,141.39/108.87,4개/2개,2세대,계단식,143.35/110.82,4개/2개,64세대,계단식,143.5/110.4,4개/2개,8세대,계단식,150.76/117.03,4개/2개,10세대,계단식,151.35/117.12,4개/2개,6세대,계단식,152.75/118.48,4개/2개,7세대,계단식,153.47/118.07,4개/2개,1세대,계단식,162.72/126.73,4개/2개,7세대,계단식,,,,,,,,,,,,,,,,,,,,,,,,,,,,,,,,,,,,,,,,,,,,,,,,,,,,,,,,,,,,,,,,,,,,,,,,,,,,,,,,,,,,,,,,,,,,,,,,,,,,,,,,,,,,,,,,,,,,,,,,,,,,,,,,,,,,,,,,,,,,,,,,,,,,,,,,,,,,,,,,,,,,,,,,
0,1289대(세대당 2.35),"HT005, HF002",세종시 세종시 남세종로 480,세종시 세종시 보람동 738,34층/35층,298%,46%,"115D㎡, 116A㎡, 116B㎡, 116C㎡, 116C-1㎡, 135A㎡, 135C㎡, 135D㎡, 135C-1㎡, 135D-1㎡, 136B㎡, 137E㎡, 148㎡, 148-1㎡, 180A㎡, 180B",대방건설(주),044-868-5652,127.286779,36.476804,115.88/84.99,3개/2개,109세대,계단식,116.11/84.99,4개/2개,107세대,계단식,116.51/84.99,4개/2개,30세대,계단식,116.51/84.99,4개/2개,16세대,계단식,호려울7단지세종대방디엠시티(주상복합),116.51/84.99,4개/2개,16세대,계단식,135.7/102.98,4개/2개,101세대,계단식,135.93/102.93,4개/2개,14세대,계단식,135.93/102.93,4개/2개,14세대,계단식,135.93/102.93,4개/2개,2세대,계단식,135.93/102.93,4개/2개,2세대,계단식,136.07/102.98,4개/2개,30세대,계단식,137.03/102.91,4개/2개,103세대,계단식,148.94/106.22,4개/3개,1세대,계단식,148.94/106.22,4개/3개,1세대,계단식,180.11/132.59,5개/3개,1세대,계단식,180.16/132.64,5개/3개,1세대,계단식,,,,,,,,,,,,,,,,,,,,,,,,,,,,,,,,,,,,,,,,,,,,,,,,,,,,,,,,,,,,,,,,,,,,,,,,,,,,,,,,,,,,,,,,,,,,,,,,,,,,,,,,,,,,,,,,,,,,,,,,,,,,,,,,,,,,,,,,,,,,,,,,,,,,,,,,,,,,,,,,,,,,,,,,,,,,,,,,,,,,
0,1280대(세대당 1.42),"HT005, HF002",세종시 세종시 보람동로 14,세종시 세종시 보람동 777,10층/29층,180%,19%,"110A㎡, 110B㎡, 128㎡, 141",중흥건설(주),044-866-5438,127.296958,36.478973,110.68/84.98,3개/2개,515세대,계단식,110.76/84.99,3개/2개,117세대,계단식,128.13/98.99,4개/2개,155세대,계단식,141.93/109.96,3개/2개,113세대,계단식,호려울8단지중흥S클래스에코시티,,,,,,,,,,,,,,,,,,,,,,,,,,,,,,,,,,,,,,,,,,,,,,,,,,,,,,,,,,,,,,,,,,,,,,,,,,,,,,,,,,,,,,,,,,,,,,,,,,,,,,,,,,,,,,,,,,,,,,,,,,,,,,,,,,,,,,,,,,,,,,,,,,,,,,,,,,,,,,,,,,,,,,,,,,,,,,,,,,,,,,,,,,,,,,,,,,,,,,,,,,,,,,,,,,,,,,,,,,,,,,,,,,,,
0,99대(세대당 0.46),"HT001, HF007",세종시 세종시 부강면 부강로 29-12,세종시 세종시 부강면 부강리 498-7,5층/15층,256%,28%,"76B㎡, 77A㎡, 78㎡, 92",대신건설(주),044-275-3323,127.365373,36.528807,76.62/59.86,3개/1개,120세대,복도식,77.11/59.13,3개/1개,7세대,계단식,78.04/59.84,3개/1개,25세대,계단식,92.86/81.78,3개/2개,59세대,계단식,대신하나로,,,,,,,,,,,,,,,,,,,,,,,,,,,,,,,,,,,,,,,,,,,,,,,,,,,,,,,,,,,,,,,,,,,,,,,,,,,,,,,,,,,,,,,,,,,,,,,,,,,,,,,,,,,,,,,,,,,,,,,,,,,,,,,,,,,,,,,,,,,,,,,,,,,,,,,,,,,,,,,,,,,,,,,,,,,,,,,,,,,,,,,,,,,,,,,,,,,,,,,,,,,,,,,,,,,,,,,,,,,,,,,,,,,,
0,1487대(세대당 1.44),"HT005, HF002",세종시 세종시 새롬중앙로 90,세종시 세종시 새롬동 558,10층/29층,183%,16%,"86B㎡, 87A㎡, 87C㎡, 115A㎡, 115B㎡, 116C㎡, 131B㎡, 131A㎡, 131T㎡, 151G㎡, 166A㎡, 166T㎡, 179PE","(주)포스코건설,현대건설(주)",044-868-1980,127.251526,36.48888,86.99/59.96,3개/2개,93세대,계단식,87.22/59.93,3개/2개,526세대,계단식,87.25/59.9,3개/2개,48세대,계단식,115.45/84.9,3개/2개,107세대,계단식,새뜸10단지더샵힐스테이트,115.4/84.78,3개/2개,77세대,계단식,116.39/84.97,3개/2개,35세대,계단식,131.84/98.18,3개/2개,111세대,계단식,131.46/98.64,3개/2개,19세대,계단식,131.84/98.18,3개/2개,2세대,계단식,151.26/109.48,3개/2개,2세대,계단식,166.62/125.07,3개/2개,2세대,계단식,166.62/125.07,3개/2개,2세대,계단식,179.61/133.49,4개/3개,3세대,계단식,,,,,,,,,,,,,,,,,,,,,,,,,,,,,,,,,,,,,,,,,,,,,,,,,,,,,,,,,,,,,,,,,,,,,,,,,,,,,,,,,,,,,,,,,,,,,,,,,,,,,,,,,,,,,,,,,,,,,,,,,,,,,,,,,,,,,,,,,,,,,,,,,,,,,,,,,,,,,,,,,,,,,,,,,,,,,,,,,,,,,,,,,,,,,,,,
0,685대(세대당 1.53),"HT005, HF002",세종시 세종시 새롬로 55,세종시 세종시 새롬동 561,7층/29층,183%,17%,"115A㎡, 116C㎡, 129A㎡, 130B㎡, 130T㎡, 151G㎡, 164A㎡, 164T㎡, 170G㎡, 177P㎡, 186A㎡, 186C㎡, 189B","(주)포스코건설,현대건설(주)",044-862-1568,127.253569,36.489526,115.29/84.9,3개/2개,114세대,계단식,116.23/84.97,3개/2개,35세대,계단식,129.93/98.64,3개/2개,124세대,계단식,130.32/98.18,3개/2개,155세대,계단식,새뜸11단지더샵힐스테이트,130.32/98.18,3개/2개,2세대,계단식,151.04/109.48,3개/2개,2세대,계단식,164.67/125.07,3개/2개,2세대,계단식,164.67/125.07,3개/2개,2세대,계단식,170.27/127.11,3개/2개,1세대,계단식,177.54/133.49,4개/3개,2세대,계단식,186.6/129.77,4개/3개,2세대,계단식,186.6/129.77,4개/3개,1세대,계단식,189.08/129.72,4개/3개,3세대,계단식,,,,,,,,,,,,,,,,,,,,,,,,,,,,,,,,,,,,,,,,,,,,,,,,,,,,,,,,,,,,,,,,,,,,,,,,,,,,,,,,,,,,,,,,,,,,,,,,,,,,,,,,,,,,,,,,,,,,,,,,,,,,,,,,,,,,,,,,,,,,,,,,,,,,,,,,,,,,,,,,,,,,,,,,,,,,,,,,,,,,,,,,,,,,,,,,
0,692대(세대당 1.46),"HT005, HF002",세종시 세종시 새롬남로 102,세종시 세종시 새롬동 614,10층/29층,182%,18%,"82㎡, 102㎡, 111㎡, 115A㎡, 115C㎡, 116B",(주)금성백조주택,044-864-7220,127.257332,36.484735,82.92/59.92,3개/2개,298세대,계단식,102.53/74.7,3개/2개,29세대,계단식,111.38/80.95,3개/2개,2세대,계단식,115.18/84.97,3개/2개,73세대,계단식,새뜸12단지예미지,115.93/84.78,3개/2개,6세대,계단식,116.25/84.99,3개/2개,64세대,계단식,,,,,,,,,,,,,,,,,,,,,,,,,,,,,,,,,,,,,,,,,,,,,,,,,,,,,,,,,,,,,,,,,,,,,,,,,,,,,,,,,,,,,,,,,,,,,,,,,,,,,,,,,,,,,,,,,,,,,,,,,,,,,,,,,,,,,,,,,,,,,,,,,,,,,,,,,,,,,,,,,,,,,,,,,,,,,,,,,,,,,,,,,,,,,,,,,,,,,,,,,,,,,,,,,,,,,,,,,,,,
0,552대(세대당 1.43),"HT005, HF002",세종시 세종시 새롬로 32,세종시 세종시 새롬동 564,16층/24층,239%,40%,"94A㎡, 95B㎡, 114C㎡, 114A㎡, 114B㎡, 115P",(주)부원건설,044-868-4347,127.255705,36.487943,94.52/69.96,3개/2개,169세대,계단식,95.59/69.79,3개/2개,40세대,계단식,114.23/84.9,3개/2개,75세대,계단식,114.03/84.93,3개/2개,62세대,계단식,새뜸13단지트리쉐이드(주상복합),114.03/84.93,3개/2개,38세대,계단식,115.12/84.9,4개/2개,2세대,계단식,,,,,,,,,,,,,,,,,,,,,,,,,,,,,,,,,,,,,,,,,,,,,,,,,,,,,,,,,,,,,,,,,,,,,,,,,,,,,,,,,,,,,,,,,,,,,,,,,,,,,,,,,,,,,,,,,,,,,,,,,,,,,,,,,,,,,,,,,,,,,,,,,,,,,,,,,,,,,,,,,,,,,,,,,,,,,,,,,,,,,,,,,,,,,,,,,,,,,,,,,,,,,,,,,,,,,,,,,,,,
0,394대(세대당 1.77),"HT005, HF002",세종시 세종시 새롬로 56,세종시 세종시 새롬동 563,10층/24층,183%,24%,"129A㎡, 130B㎡, 143A㎡, 144B㎡, 170G","(주)포스코건설,현대건설(주)",044-864-1877,127.2547,36.490269,129.9/98.64,3개/2개,98세대,계단식,130.29/98.18,3개/2개,14세대,계단식,143.72/107.67,4개/2개,70세대,계단식,144.34/107.73,4개/2개,36세대,계단식,새뜸14단지더샵힐스테이트,170.22/127.11,4개/2개,4세대,계단식,,,,,,,,,,,,,,,,,,,,,,,,,,,,,,,,,,,,,,,,,,,,,,,,,,,,,,,,,,,,,,,,,,,,,,,,,,,,,,,,,,,,,,,,,,,,,,,,,,,,,,,,,,,,,,,,,,,,,,,,,,,,,,,,,,,,,,,,,,,,,,,,,,,,,,,,,,,,,,,,,,,,,,,,,,,,,,,,,,,,,,,,,,,,,,,,,,,,,,,,,,,,,,,,,,,,,,,,,,,,,,,,
0,1586대(세대당 1.47),"HT005, HF002",세종시 세종시 새롬남로 18,세종시 세종시 새롬동 601,10층/29층,176%,15%,"109B㎡, 109B-3㎡, 109B-2㎡, 109B-1㎡, 111A㎡, 127㎡, 146㎡, 146-1","(주)대우건설,현대산업개발(주),계룡건설산업(주),현대엔지니어링(주)",044-868-3051,127.248026,36.481854,109.09/84.96,3개/2개,415세대,계단식,109.09/84.96,3개/2개,21세대,계단식,109.09/84.96,3개/2개,4세대,계단식,109.09/84.96,3개/2개,3세대,계단식,새뜸1단지메이저시티푸르지오,111.21/84.88,3개/2개,217세대,계단식,127.92/101.8,3개/2개,198세대,계단식,146.99/120.5,4개/2개,176세대,계단식,146.99/120.5,4개/2개,43세대,계단식,,,,,,,,,,,,,,,,,,,,,,,,,,,,,,,,,,,,,,,,,,,,,,,,,,,,,,,,,,,,,,,,,,,,,,,,,,,,,,,,,,,,,,,,,,,,,,,,,,,,,,,,,,,,,,,,,,,,,,,,,,,,,,,,,,,,,,,,,,,,,,,,,,,,,,,,,,,,,,,,,,,,,,,,,,,,,,,,,,,,,,,,,,,,,,,,,,,,,,,,,,,,,,,,,,,,
0,1009대(세대당 1.44),"HT005, HF002",세종시 세종시 새롬남로 17,세종시 세종시 새롬동 599,10층/22층,150%,16%,"83B㎡, 83A㎡, 83B-1㎡, 83B-2㎡, 109B㎡, 109B-2㎡, 109B-1㎡, 111A","(주)대우건설,현대산업개발(주),계룡건설산업(주),현대엔지니어링(주)",044-866-0360,127.247908,36.483588,83.1/59.96,3개/2개,453세대,계단식,83.38/59.95,3개/2개,66세대,계단식,83.1/59.96,3개/2개,37세대,계단식,83.1/59.96,3개/2개,37세대,계단식,새뜸2단지메이저시티리슈빌,109.26/84.96,3개/2개,53세대,계단식,109.26/84.96,3개/2개,4세대,계단식,109.26/84.96,3개/2개,3세대,계단식,111.38/84.88,3개/2개,43세대,계단식,,,,,,,,,,,,,,,,,,,,,,,,,,,,,,,,,,,,,,,,,,,,,,,,,,,,,,,,,,,,,,,,,,,,,,,,,,,,,,,,,,,,,,,,,,,,,,,,,,,,,,,,,,,,,,,,,,,,,,,,,,,,,,,,,,,,,,,,,,,,,,,,,,,,,,,,,,,,,,,,,,,,,,,,,,,,,,,,,,,,,,,,,,,,,,,,,,,,,,,,,,,,,,,,,,,,
0,986대(세대당 1.45),"HT005, HF002",세종시 세종시 새롬북로 14,세종시 세종시 새롬동 597,10층/22층,149%,18%,"100A㎡, 100A-S㎡, 100A-T㎡, 111A㎡, 111C㎡, 111A-S2㎡, 111A-S㎡, 111A-D㎡, 111A-S2-D㎡, 112D㎡, 112B㎡, 112B-S㎡, 131A㎡, 131A-S1㎡, 131A-S2㎡, 131A-D㎡, 131A-S1-D㎡, 131A-S2-D㎡, 132D","롯데건설주식회사,신동아건설주식회사",044-863-9177,127.246749,36.485466,100.65/74.99,3개/2개,164세대,계단식,100.65/74.99,3개/2개,8세대,계단식,100.65/74.99,3개/2개,3세대,계단식,111.01/84.94,3개/2개,117세대,계단식,새뜸3단지롯데캐슬,111.82/84.92,3개/2개,25세대,계단식,111.01/84.94,3개/2개,14세대,계단식,111.01/84.94,3개/2개,9세대,계단식,111.01/84.94,3개/2개,1세대,계단식,111.01/84.94,3개/2개,1세대,계단식,112.19/84.98,3개/2개,84세대,계단식,112.11/84.95,3개/2개,59세대,계단식,112.11/84.95,3개/2개,25세대,계단식,131.07/100.92,4개/2개,113세대,계단식,131.07/100.92,4개/2개,29세대,계단식,131.07/100.92,4개/2개,13세대,계단식,131.07/100.92,4개/2개,2세대,계단식,131.07/100.92,4개/2개,1세대,계단식,131.07/100.92,4개/2개,1세대,계단식,132.06/100.18,3개/2개,8세대,계단식,,,,,,,,,,,,,,,,,,,,,,,,,,,,,,,,,,,,,,,,,,,,,,,,,,,,,,,,,,,,,,,,,,,,,,,,,,,,,,,,,,,,,,,,,,,,,,,,,,,,,,,,,,,,,,,,,,,,,,,,,,,,,,,,,,,,,,,,,,,,,,,,,,,,,,,,,,,,,,,,,,,,,,,,
0,1841대(세대당 1.45),"HT005, HF002",세종시 세종시 새롬북로 13,세종시 세종시 새롬동 554,9층/29층,177%,17%,"110A㎡, 111B㎡, 111C㎡, 112D㎡, 130A㎡, 131B㎡, 131C㎡, 131D","롯데건설주식회사,신동아건설주식회사",044-863-8477,127.24607,36.488071,110.89/84.94,4개/2개,344세대,계단식,111.99/84.95,3개/2개,160세대,계단식,111.7/84.92,3개/2개,48세대,계단식,112.07/84.98,3개/2개,162세대,계단식,새뜸4단지캐슬앤파밀리에,130.93/100.92,4개/2개,321세대,계단식,131.62/100.91,4개/2개,106세대,계단식,131.99/100.54,3개/2개,106세대,계단식,131.92/100.18,3개/2개,20세대,계단식,,,,,,,,,,,,,,,,,,,,,,,,,,,,,,,,,,,,,,,,,,,,,,,,,,,,,,,,,,,,,,,,,,,,,,,,,,,,,,,,,,,,,,,,,,,,,,,,,,,,,,,,,,,,,,,,,,,,,,,,,,,,,,,,,,,,,,,,,,,,,,,,,,,,,,,,,,,,,,,,,,,,,,,,,,,,,,,,,,,,,,,,,,,,,,,,,,,,,,,,,,,,,,,,,,,,
0,1452대(세대당 1.44),"HT005, HF002",세종시 세종시 새롬중앙로 19,세종시 세종시 새롬동 605,10층/29층,183%,18%,"83B㎡, 83A㎡, 109B㎡, 111A㎡, 127","(주)대우건설,현대산업개발(주),계룡건설산업(주),현대엔지니어링(주)",044-862-6171,127.251886,36.482421,83.47/59.96,3개/2개,467세대,계단식,83.74/59.95,3개/2개,94세대,계단식,109.69/84.96,3개/2개,174세대,계단식,111.81/84.88,3개/2개,106세대,계단식,새뜸5단지아이파크메이저시티,127.81/101.8,3개/2개,164세대,계단식,,,,,,,,,,,,,,,,,,,,,,,,,,,,,,,,,,,,,,,,,,,,,,,,,,,,,,,,,,,,,,,,,,,,,,,,,,,,,,,,,,,,,,,,,,,,,,,,,,,,,,,,,,,,,,,,,,,,,,,,,,,,,,,,,,,,,,,,,,,,,,,,,,,,,,,,,,,,,,,,,,,,,,,,,,,,,,,,,,,,,,,,,,,,,,,,,,,,,,,,,,,,,,,,,,,,,,,,,,,,,,,,
0,644대(세대당 1.63),"HT005, HF002",세종시 세종시 새롬중앙1로 13,세종시 세종시 새롬동 593,10층/17층,146%,19%,"109B㎡, 128㎡, 147","(주)대우건설,현대산업개발(주),계룡건설산업(주),현대엔지니어링(주)",044-868-3143,127.250118,36.484024,109.1/84.96,3개/2개,148세대,계단식,128.66/101.8,4개/2개,144세대,계단식,147.42/120.5,4개/2개,101세대,계단식,,,,,새뜸6단지힐스테이트메이저시티,,,,,,,,,,,,,,,,,,,,,,,,,,,,,,,,,,,,,,,,,,,,,,,,,,,,,,,,,,,,,,,,,,,,,,,,,,,,,,,,,,,,,,,,,,,,,,,,,,,,,,,,,,,,,,,,,,,,,,,,,,,,,,,,,,,,,,,,,,,,,,,,,,,,,,,,,,,,,,,,,,,,,,,,,,,,,,,,,,,,,,,,,,,,,,,,,,,,,,,,,,,,,,,,,,,,,,,,,,,,,,,,,,,,
0,1397대(세대당 1.2),"HT005, HF002",세종시 세종시 새롬중앙로 89,세종시 세종시 새롬동 556,4층/29층,159%,24%,"81C㎡, 82A2㎡, 82A1㎡, 82A3㎡, 82B㎡, 89A㎡, 100A1㎡, 100A2㎡, 102A㎡, 109A㎡, 109B㎡, 109C㎡, 115D3㎡, 116E㎡, 116I㎡, 116A㎡, 116D1㎡, 116G㎡, 116C㎡, 116F㎡, 116D4㎡, 116B㎡, 116D2",계룡건설산업(주),044-864-4812,127.248805,36.489304,81.56/59.39,2개/2개,2세대,계단식,82.22/59.87,3개/2개,104세대,계단식,82.22/59.87,2개/2개,26세대,계단식,82.22/59.87,3개/2개,16세대,계단식,새뜸7단지투머로우시티,82.35/59.96,2개/2개,2세대,계단식,89.8/65.39,3개/2개,10세대,계단식,100.01/72.82,3개/2개,27세대,계단식,100.01/72.82,3개/2개,11세대,계단식,102.38/74.55,3개/2개,168세대,계단식,109.51/79.74,3개/2개,15세대,계단식,109.33/79.61,3개/2개,5세대,계단식,109.77/79.93,3개/2개,1세대,계단식,115.8/84.32,3개/2개,8세대,계단식,116.54/84.86,3개/2개,101세대,계단식,116.61/84.91,3개/2개,61세대,계단식,116.63/84.92,3개/2개,50세대,계단식,116.49/84.82,3개/2개,9세대,계단식,116.64/84.93,3개/2개,8세대,계단식,116.49/84.82,3개/2개,5세대,계단식,116.17/84.59,3개/2개,4세대,계단식,116.06/84.51,3개/2개,2세대,계단식,116.64/84.93,3개/3개,1세대,계단식,116.58/84.89,3개/2개,1세대,계단식,,,,,,,,,,,,,,,,,,,,,,,,,,,,,,,,,,,,,,,,,,,,,,,,,,,,,,,,,,,,,,,,,,,,,,,,,,,,,,,,,,,,,,,,,,,,,,,,,,,,,,,,,,,,,,,,,,,,,,,,,,,,,,,,,,,,,,,,,,,,,,,,,,,,,,,,
0,341대(세대당 1.7),"HT005, HF002",세종시 세종시 새롬남로 98,세종시 세종시 새롬동 611,8층/26층,182%,21%,"129㎡, 135A㎡, 135B㎡, 144㎡, 151AT㎡, 163AT",(주)금성백조주택,044-867-9285,127.256249,36.48431,129.2/95.89,3개/2개,2세대,계단식,135.98/101.96,3개/2개,86세대,계단식,135.91/101.8,3개/2개,4세대,계단식,144.13/108.85,3개/2개,102세대,계단식,새뜸9단지예미지,151.85/112.19,4개/2개,2세대,계단식,163.96/121.02,4개/3개,4세대,계단식,,,,,,,,,,,,,,,,,,,,,,,,,,,,,,,,,,,,,,,,,,,,,,,,,,,,,,,,,,,,,,,,,,,,,,,,,,,,,,,,,,,,,,,,,,,,,,,,,,,,,,,,,,,,,,,,,,,,,,,,,,,,,,,,,,,,,,,,,,,,,,,,,,,,,,,,,,,,,,,,,,,,,,,,,,,,,,,,,,,,,,,,,,,,,,,,,,,,,,,,,,,,,,,,,,,,,,,,,,,,
0,1350대(세대당 1.51),"HT005, HF002",세종시 세종시 남세종로 357,세종시 세종시 소담동 597,10층/18층,137%,17%,"110A㎡, 110B㎡, 127A㎡, 127B㎡, 147㎡, 160A㎡, 161A1㎡, 162B1㎡, 162B",중흥토건(주),044-868-6314,127.301419,36.480354,110.92/84.99,3개/2개,491세대,계단식,110.92/84.99,3개/2개,39세대,계단식,127.74/98.93,3개/2개,224세대,계단식,127.74/98.93,3개/2개,12세대,계단식,새샘1단지중흥S-클래스에듀마크,147.97/115.13,3개/2개,12세대,계단식,160.97/125.12,3개/2개,39세대,계단식,161.83/125.12,4개/2개,17세대,계단식,162.71/125.85,3개/2개,39세대,계단식,162.71/125.85,4개/2개,17세대,계단식,,,,,,,,,,,,,,,,,,,,,,,,,,,,,,,,,,,,,,,,,,,,,,,,,,,,,,,,,,,,,,,,,,,,,,,,,,,,,,,,,,,,,,,,,,,,,,,,,,,,,,,,,,,,,,,,,,,,,,,,,,,,,,,,,,,,,,,,,,,,,,,,,,,,,,,,,,,,,,,,,,,,,,,,,,,,,,,,,,,,,,,,,,,,,,,,,,,,,,,,,,,,,,,,
0,1641대(세대당 1.35),"HT005, HF002",세종시 세종시 시청대로 236,세종시 세종시 소담동 550,29층/29층,181%,16%,"112A㎡, 113B㎡, 126A㎡, 127B㎡, 142㎡, 198","(주)모아종합건설,(주)씨에이치아이건설",044-867-9847,127.296809,36.484218,112.78/84.99,3개/2개,373세대,계단식,113.01/84.99,3개/2개,129세대,계단식,126.95/97.99,3개/2개,291세대,계단식,127.35/97.99,3개/2개,379세대,계단식,새샘3단지모아미래도리버시티,142.31/110.99,4개/2개,35세대,계단식,198.19/157.66,4개/3개,4세대,계단식,,,,,,,,,,,,,,,,,,,,,,,,,,,,,,,,,,,,,,,,,,,,,,,,,,,,,,,,,,,,,,,,,,,,,,,,,,,,,,,,,,,,,,,,,,,,,,,,,,,,,,,,,,,,,,,,,,,,,,,,,,,,,,,,,,,,,,,,,,,,,,,,,,,,,,,,,,,,,,,,,,,,,,,,,,,,,,,,,,,,,,,,,,,,,,,,,,,,,,,,,,,,,,,,,,,,,,,,,,,,
0,1039대(세대당 1.36),"HT005, HF002",세종시 세종시 남세종로 301,세종시 세종시 소담동 598,12층/22층,152%,15%,"82A㎡, 82B㎡, 82A-S㎡, 115㎡, 115-S","대성산업(주),(주)한양",044-868-4023,127.305789,36.481062,82.54/59.45,3개/2개,503세대,계단식,82.06/59.44,3개/2개,43세대,계단식,82.54/59.45,3개/2개,8세대,계단식,115.55/84.63,3개/2개,202세대,계단식,새샘5단지한양수자인엘시티,115.55/84.63,4개/2개,4세대,계단식,,,,,,,,,,,,,,,,,,,,,,,,,,,,,,,,,,,,,,,,,,,,,,,,,,,,,,,,,,,,,,,,,,,,,,,,,,,,,,,,,,,,,,,,,,,,,,,,,,,,,,,,,,,,,,,,,,,,,,,,,,,,,,,,,,,,,,,,,,,,,,,,,,,,,,,,,,,,,,,,,,,,,,,,,,,,,,,,,,,,,,,,,,,,,,,,,,,,,,,,,,,,,,,,,,,,,,,,,,,,,,,,
0,1828대(세대당 1.2),"HT005, HF002",세종시 세종시 남세종로 302,세종시 세종시 소담동 586,9층/29층,177%,15%,"83A1㎡, 83A㎡, 83B1㎡, 83C1㎡, 83B㎡, 83C㎡, 89A㎡, 90A1㎡, 90B1㎡, 106A㎡, 113A㎡, 117C㎡, 118A㎡, 118B","한신공영㈜, 서대종합건설㈜, ㈜광장이엠씨",044-864-5426,127.304148,36.483648,83.72/59.92,3개/2개,570세대,계단식,83.14/59.5,3개/2개,329세대,계단식,83.76/59.95,3개/2개,142세대,계단식,83.79/59.97,3개/2개,58세대,계단식,새샘6단지한신더휴펜타힐스,83.51/59.77,3개/2개,42세대,계단식,83.41/59.7,3개/2개,23세대,계단식,89.83/64.29,3개/2개,2세대,계단식,90.12/64.5,3개/2개,11세대,계단식,90.61/64.85,3개/2개,2세대,계단식,106.05/75.9,3개/2개,237세대,계단식,113.53/81.25,3개/2개,6세대,계단식,117.94/84.41,4개/2개,2세대,계단식,118.42/84.75,4개/2개,96세대,계단식,118.32/84.68,4개/2개,2세대,계단식,,,,,,,,,,,,,,,,,,,,,,,,,,,,,,,,,,,,,,,,,,,,,,,,,,,,,,,,,,,,,,,,,,,,,,,,,,,,,,,,,,,,,,,,,,,,,,,,,,,,,,,,,,,,,,,,,,,,,,,,,,,,,,,,,,,,,,,,,,,,,,,,,,,,,,,,,,,,,,,,,,,,,,,,,,,,,,,,,,,,,,,,,,,,
0,582대(세대당 1.7),"HT005, HF002",세종시 세종시 소담8로 6,세종시 세종시 소담동 539,30층/48층,309%,45%,"112C㎡, 113B㎡, 113D㎡, 113A㎡, 140A㎡, 140C㎡, 140B㎡, 140D㎡, 140E㎡, 182C㎡, 189A",현대엔지니어링(주),044-868-5625,127.300024,36.486676,112.54/84.73,3개/2개,45세대,계단식,113.58/84.86,3개/2개,56세대,계단식,113.69/84.94,3개/2개,41세대,계단식,113.23/84.66,3개/2개,28세대,계단식,새샘7단지힐스테이트세종리버파크(주상복합),140.03/105.37,3개/2개,56세대,계단식,140.18/105.36,3개/2개,45세대,계단식,140.04/105.29,3개/2개,28세대,계단식,140.25/105.4,3개/2개,25세대,계단식,140.03/105.23,3개/2개,16세대,계단식,182.29/136.56,4개/3개,1세대,계단식,189.3/141.05,3개/2개,1세대,계단식,,,,,,,,,,,,,,,,,,,,,,,,,,,,,,,,,,,,,,,,,,,,,,,,,,,,,,,,,,,,,,,,,,,,,,,,,,,,,,,,,,,,,,,,,,,,,,,,,,,,,,,,,,,,,,,,,,,,,,,,,,,,,,,,,,,,,,,,,,,,,,,,,,,,,,,,,,,,,,,,,,,,,,,,,,,,,,,,,,,,,,,,,,,,,,,,,,,,,,,,
0,525대(세대당 1.59),"HT005, HF002",세종시 세종시 소담8로 22,세종시 세종시 소담동 531,28층/48층,309%,43%,"112C㎡, 113B㎡, 113A㎡, 114D㎡, 131A㎡, 131C㎡, 131B㎡, 131D㎡, 131E㎡, 182B㎡, 183A",현대엔지니어링(주),044-868-5623,127.301139,36.487478,112.88/84.73,3개/2개,45세대,계단식,113.93/84.86,3개/2개,52세대,계단식,113.58/84.66,3개/2개,26세대,계단식,114.04/84.94,3개/2개,43세대,계단식,새샘8단지힐스테이트세종리버파크(주상복합),131.58/98.47,3개/2개,52세대,계단식,131.57/98.65,3개/2개,45세대,계단식,131.18/98.37,3개/2개,26세대,계단식,131.81/98.51,3개/2개,23세대,계단식,131.24/98.05,3개/2개,16세대,계단식,182.76/136.62,4개/3개,1세대,계단식,183.81/136.33,5개/3개,1세대,계단식,,,,,,,,,,,,,,,,,,,,,,,,,,,,,,,,,,,,,,,,,,,,,,,,,,,,,,,,,,,,,,,,,,,,,,,,,,,,,,,,,,,,,,,,,,,,,,,,,,,,,,,,,,,,,,,,,,,,,,,,,,,,,,,,,,,,,,,,,,,,,,,,,,,,,,,,,,,,,,,,,,,,,,,,,,,,,,,,,,,,,,,,,,,,,,,,,,,,,,,,
0,1591대(세대당 1.68),"HT005, HF002",세종시 세종시 국책연구원1로 15,세종시 세종시 소담동 521,11층/29층,179%,16%,"110㎡, 126㎡, 141㎡, 219",중흥건설(주),044-868-4726,127.300045,36.489767,110.65/84.97,3개/2개,454세대,계단식,126.66/98.22,3개/2개,339세대,계단식,141.42/109.92,3개/2개,149세대,계단식,219.96/167.9,4개/3개,4세대,계단식,새샘9단지세종중흥S클래스리버뷰(3-3생활권 M1블럭),,,,,,,,,,,,,,,,,,,,,,,,,,,,,,,,,,,,,,,,,,,,,,,,,,,,,,,,,,,,,,,,,,,,,,,,,,,,,,,,,,,,,,,,,,,,,,,,,,,,,,,,,,,,,,,,,,,,,,,,,,,,,,,,,,,,,,,,,,,,,,,,,,,,,,,,,,,,,,,,,,,,,,,,,,,,,,,,,,,,,,,,,,,,,,,,,,,,,,,,,,,,,,,,,,,,,,,,,,,,,,,,,,,,
0,72대(세대당 0.4),"HT001, HF001",세종시 세종시 소정면 세종로 4283,세종시 세종시 소정면 운당리 35-1,10층/12층,282%,32%,"92㎡, 173",(주)신창건설,044-566-0789,127.152275,36.697754,92.02/59.4,2개/1개,156세대,계단식,173.9/82.09,3개/2개,20세대,계단식,,,,,,,,,무궁화,,,,,,,,,,,,,,,,,,,,,,,,,,,,,,,,,,,,,,,,,,,,,,,,,,,,,,,,,,,,,,,,,,,,,,,,,,,,,,,,,,,,,,,,,,,,,,,,,,,,,,,,,,,,,,,,,,,,,,,,,,,,,,,,,,,,,,,,,,,,,,,,,,,,,,,,,,,,,,,,,,,,,,,,,,,,,,,,,,,,,,,,,,,,,,,,,,,,,,,,,,,,,,,,,,,,,,,,,,,,,,,,,,,,
0,2574대(세대당 1.3),"HT005, HF002",세종시 세종시 달빛로 211,세종시 세종시 아름동 1277,16층/30층,172%,11%,"98㎡, 107C㎡, 108E㎡, 111B㎡, 112D㎡, 113A㎡, 128",(주)대우건설,044-868-6933,127.250277,36.517306,98.7/74.51,3개/2개,358세대,계단식,107.49/84.92,3개/2개,282세대,계단식,108.88/84.93,3개/2개,330세대,계단식,111.54/84.95,3개/2개,304세대,계단식,범지기10단지푸르지오,112.92/84.98,3개/2개,282세대,계단식,113.18/84.97,3개/2개,228세대,계단식,128.35/101.94,3개/2개,186세대,계단식,,,,,,,,,,,,,,,,,,,,,,,,,,,,,,,,,,,,,,,,,,,,,,,,,,,,,,,,,,,,,,,,,,,,,,,,,,,,,,,,,,,,,,,,,,,,,,,,,,,,,,,,,,,,,,,,,,,,,,,,,,,,,,,,,,,,,,,,,,,,,,,,,,,,,,,,,,,,,,,,,,,,,,,,,,,,,,,,,,,,,,,,,,,,,,,,,,,,,,,,,,,,,,,,,,,,,,,,
0,618대(세대당 1.36),"HT005, HF002",세종시 세종시 보듬3로 74,세종시 세종시 아름동 1276,14층/20층,132%,13%,"110㎡, 119",중흥건설(주) 외 1,044-866-6845,127.251135,36.512851,110.76/84.69,3개/2개,176세대,계단식,119.38/96.25,4개/2개,276세대,계단식,,,,,,,,,범지기12단지에코타운,,,,,,,,,,,,,,,,,,,,,,,,,,,,,,,,,,,,,,,,,,,,,,,,,,,,,,,,,,,,,,,,,,,,,,,,,,,,,,,,,,,,,,,,,,,,,,,,,,,,,,,,,,,,,,,,,,,,,,,,,,,,,,,,,,,,,,,,,,,,,,,,,,,,,,,,,,,,,,,,,,,,,,,,,,,,,,,,,,,,,,,,,,,,,,,,,,,,,,,,,,,,,,,,,,,,,,,,,,,,,,,,,,,,
0,1015대(세대당 1.24),"HT005, HF002",세종시 세종시 절재로 13,세종시 세종시 아름동 1339,16층/29층,180%,12%,"84㎡, 96㎡, 111A㎡, 111B㎡, 112C",(주)한양 외1,044-868-7468,127.243091,36.510024,84.01/59.97,3개/2개,287세대,계단식,96.48/71.48,3개/2개,140세대,계단식,111.41/84.91,3개/2개,234세대,계단식,111.44/84.91,3개/2개,76세대,계단식,범지기1단지한양수자인에듀센텀,112.26/84.9,3개/2개,81세대,계단식,,,,,,,,,,,,,,,,,,,,,,,,,,,,,,,,,,,,,,,,,,,,,,,,,,,,,,,,,,,,,,,,,,,,,,,,,,,,,,,,,,,,,,,,,,,,,,,,,,,,,,,,,,,,,,,,,,,,,,,,,,,,,,,,,,,,,,,,,,,,,,,,,,,,,,,,,,,,,,,,,,,,,,,,,,,,,,,,,,,,,,,,,,,,,,,,,,,,,,,,,,,,,,,,,,,,,,,,,,,,,,,,
0,1181대(세대당 1.38),"HT005, HF002",세종시 세종시 달빛1로 201,세종시 세종시 아름동 1297,16층/29층,166%,11%,"111㎡, 125",중흥건설(주),044-866-6878,127.244715,36.517524,111.12/84.99,3개/2개,358세대,계단식,125.18/96.14,4개/2개,494세대,계단식,,,,,,,,,범지기3단지세종중흥S클래스에듀하이,,,,,,,,,,,,,,,,,,,,,,,,,,,,,,,,,,,,,,,,,,,,,,,,,,,,,,,,,,,,,,,,,,,,,,,,,,,,,,,,,,,,,,,,,,,,,,,,,,,,,,,,,,,,,,,,,,,,,,,,,,,,,,,,,,,,,,,,,,,,,,,,,,,,,,,,,,,,,,,,,,,,,,,,,,,,,,,,,,,,,,,,,,,,,,,,,,,,,,,,,,,,,,,,,,,,,,,,,,,,,,,,,,,,
0,634대(세대당 1.21),"HT005, HF002",세종시 세종시 달빛로 109,세종시 세종시 아름동 1356,20층/29층,169%,13%,"110A㎡, 111C",(주)한양,044-862-7684,127.24856,36.508968,110.77/84.85,3개/2개,408세대,계단식,111.06/84.85,3개/2개,112세대,계단식,,,,,,,,,범지기4단지세종한양수자인에듀시티,,,,,,,,,,,,,,,,,,,,,,,,,,,,,,,,,,,,,,,,,,,,,,,,,,,,,,,,,,,,,,,,,,,,,,,,,,,,,,,,,,,,,,,,,,,,,,,,,,,,,,,,,,,,,,,,,,,,,,,,,,,,,,,,,,,,,,,,,,,,,,,,,,,,,,,,,,,,,,,,,,,,,,,,,,,,,,,,,,,,,,,,,,,,,,,,,,,,,,,,,,,,,,,,,,,,,,,,,,,,,,,,,,,,
0,591대(세대당 1.25),"HT005, HF002",세종시 세종시 달빛1로 158,세종시 세종시 아름동 1284,10층/22층,132%,14%,"109A㎡, 110B㎡, 110C",(주)호반건설,044-867-4044,127.246969,36.514149,109.84/84.75,3개/2개,288세대,계단식,110.38/84.92,3개/2개,105세대,계단식,110.22/84.89,3개/2개,77세대,계단식,,,,,범지기7단지호반베르디움에코시티2차,,,,,,,,,,,,,,,,,,,,,,,,,,,,,,,,,,,,,,,,,,,,,,,,,,,,,,,,,,,,,,,,,,,,,,,,,,,,,,,,,,,,,,,,,,,,,,,,,,,,,,,,,,,,,,,,,,,,,,,,,,,,,,,,,,,,,,,,,,,,,,,,,,,,,,,,,,,,,,,,,,,,,,,,,,,,,,,,,,,,,,,,,,,,,,,,,,,,,,,,,,,,,,,,,,,,,,,,,,,,,,,,,,,,
0,813대(세대당 1.3),"HT005, HF002",세종시 세종시 달빛로 165,세종시 세종시 아름동 1279,15층/19층,128%,12%,"99㎡, 107C㎡, 109E㎡, 111D㎡, 113A",(주)대우건설,044-864-2284,127.249358,36.513906,99.15/74.51,3개/2개,146세대,계단식,107.63/84.92,3개/2개,144세대,계단식,109.32/84.93,3개/2개,184세대,계단식,111.72/84.98,3개/2개,16세대,계단식,범지기8단지푸르지오,113.59/84.97,3개/2개,132세대,계단식,,,,,,,,,,,,,,,,,,,,,,,,,,,,,,,,,,,,,,,,,,,,,,,,,,,,,,,,,,,,,,,,,,,,,,,,,,,,,,,,,,,,,,,,,,,,,,,,,,,,,,,,,,,,,,,,,,,,,,,,,,,,,,,,,,,,,,,,,,,,,,,,,,,,,,,,,,,,,,,,,,,,,,,,,,,,,,,,,,,,,,,,,,,,,,,,,,,,,,,,,,,,,,,,,,,,,,,,,,,,,,,,
0,915대(세대당 1.33),"HT005, HF002",세종시 세종시 달빛1로 206,세종시 세종시 아름동 1282,15층/29층,167%,11%,"110A㎡, 110B㎡, 127A㎡, 127B",한신공영(주),044-867-6306,127.246507,36.516918,110.49/84.98,3개/2개,235세대,계단식,110.82/84.98,3개/2개,44세대,계단식,127.72/99.98,4개/2개,293세대,계단식,127.73/99.95,4개/2개,115세대,계단식,범지기9단지세종한신휴플러스엘리트파크,,,,,,,,,,,,,,,,,,,,,,,,,,,,,,,,,,,,,,,,,,,,,,,,,,,,,,,,,,,,,,,,,,,,,,,,,,,,,,,,,,,,,,,,,,,,,,,,,,,,,,,,,,,,,,,,,,,,,,,,,,,,,,,,,,,,,,,,,,,,,,,,,,,,,,,,,,,,,,,,,,,,,,,,,,,,,,,,,,,,,,,,,,,,,,,,,,,,,,,,,,,,,,,,,,,,,,,,,,,,,,,,,,,,
0,759대(세대당 1.29),"HT005, HF002",세종시 세종시 보듬3로 73,세종시 세종시 아름동 1363,16층/28층,160%,14%,"111A㎡, 113B",(주)영무토건,044-868-9480,127.251,36.510327,111.31/84.98,4개/2개,491세대,계단식,113.96/84.98,4개/2개,96세대,계단식,,,,,,,,,범지기마을11단지영무예다음,,,,,,,,,,,,,,,,,,,,,,,,,,,,,,,,,,,,,,,,,,,,,,,,,,,,,,,,,,,,,,,,,,,,,,,,,,,,,,,,,,,,,,,,,,,,,,,,,,,,,,,,,,,,,,,,,,,,,,,,,,,,,,,,,,,,,,,,,,,,,,,,,,,,,,,,,,,,,,,,,,,,,,,,,,,,,,,,,,,,,,,,,,,,,,,,,,,,,,,,,,,,,,,,,,,,,,,,,,,,,,,,,,,,
0,179대(세대당 0.61),"HT005, HF002",세종시 세종시 가름로 170-14,세종시 세종시 어진동 664,4층/8층,496%,79%,"26J5㎡, 26J3㎡, 26J4㎡, 26J1㎡, 26J2㎡, 27A2㎡, 27A1㎡, 28O㎡, 29B4㎡, 29B1㎡, 29Q3㎡, 29B2㎡, 29B3㎡, 29Q1㎡, 29Q2㎡, 30P3㎡, 30P1㎡, 30P2㎡, 31I2㎡, 31K3㎡, 31I1㎡, 31K1㎡, 31K2㎡, 34D5㎡, 34M5㎡, 34D3㎡, 34D4㎡, 34C2㎡, 34M3㎡, 34C1㎡, 34D1㎡, 34D2㎡, 34G㎡, 34M1㎡, 34M2㎡, 34M4㎡, 36N2㎡, 36N1㎡, 38L3㎡, 38L1㎡, 38L2㎡, 39E6㎡, 39E4㎡, 39E5㎡, 39E1㎡, 39E2㎡, 39E3㎡, 43F6㎡, 43F5㎡, 43F4㎡, 43F1㎡, 43F2㎡, 43F3㎡, 47H3㎡, 47H1㎡, 47H2㎡, 59T1㎡, 59T2㎡, 62S㎡, 63R㎡, 63U",나성산업개발(주),044-866-4235,127.258523,36.496747,26.87/21.14,1개/1개,14세대,복도식,26.87/21.14,1개/1개,2세대,복도식,26.87/21.14,1개/1개,2세대,복도식,26.87/21.14,1개/1개,1세대,복도식,세종모닝시티(도시형),26.87/21.14,1개/1개,1세대,복도식,27.59/21.71,1개/1개,6세대,복도식,27.59/21.71,1개/1개,1세대,복도식,28.55/22.46,1개/1개,28세대,복도식,29.8/23.45,1개/1개,91세대,복도식,29.8/23.45,1개/1개,20세대,복도식,29.71/23.38,1개/1개,4세대,복도식,29.8/23.45,1개/1개,2세대,복도식,29.8/23.45,1개/1개,1세대,복도식,29.71/23.38,1개/1개,1세대,복도식,29.71/23.38,1개/1개,1세대,복도식,30.64/24.11,1개/1개,3세대,복도식,30.64/24.11,1개/1개,2세대,복도식,30.64/24.11,1개/1개,1세대,복도식,31.06/24.44,1개/1개,2세대,복도식,31.06/24.44,1개/1개,2세대,복도식,31.06/24.44,1개/1개,1세대,복도식,31.06/24.44,1개/1개,1세대,복도식,31.06/24.44,1개/1개,1세대,복도식,34.84/27.41,1개/1개,12세대,복도식,34/26.75,1개/1개,7세대,복도식,34.84/27.41,1개/1개,3세대,복도식,34.84/27.41,1개/1개,3세대,복도식,34.02/26.77,1개/1개,2세대,복도식,34/26.75,1개/1개,2세대,복도식,34.02/26.77,1개/1개,1세대,복도식,34.84/27.41,1개/1개,1세대,복도식,34.84/27.41,1개/1개,1세대,복도식,34.68/27.28,1개/1개,1세대,복도식,34/26.75,1개/1개,1세대,복도식,34/26.75,1개/1개,1세대,복도식,34/26.75,1개/1개,1세대,복도식,36.06/28.37,1개/1개,2세대,복도식,36.06/28.37,1개/1개,1세대,복도식,38.19/30.05,1개/1개,4세대,복도식,38.19/30.05,1개/1개,1세대,복도식,38.19/30.05,1개/1개,1세대,복도식,39.03/30.71,1개/1개,12세대,복도식,39.03/30.71,1개/1개,3세대,복도식,39.03/30.71,1개/1개,3세대,복도식,39.03/30.71,1개/1개,1세대,복도식,39.03/30.71,1개/1개,1세대,복도식,39.03/30.71,1개/1개,1세대,복도식,43.22/34.01,1개/1개,11세대,복도식,43.22/34.01,1개/1개,3세대,복도식,43.22/34.01,1개/1개,2세대,복도식,43.22/34.01,1개/1개,1세대,복도식,43.22/34.01,1개/1개,1세대,복도식,43.22/34.01,1개/1개,1세대,복도식,47.41/37.3,2개/1개,2세대,복도식,47.41/37.3,1개/1개,1세대,복도식,47.41/37.3,1개/1개,1세대,복도식,59.93/47.16,1개/1개,1세대,복도식,59.93/47.16,1개/1개,1세대,복도식,62.03/48.81,1개/1개,2세대,복도식,63.07/49.63,1개/1개,4세대,복도식,63.3/49.81,1개/1개,4세대,복도식
0,190대(세대당 0.63),"HT005, HF002",세종시 세종시 한누리대로 496,세종시 세종시 어진동 548,17층/17층,499%,66%,"27㎡, 28A㎡, 29B㎡, 31",계룡건설산업(주),044-864-3011,127.262258,36.507855,27.01/18.03,1개/1개,94세대,복도식,28.99/19.35,1개/1개,145세대,복도식,29.66/19.8,1개/1개,24세대,복도식,31.85/21.25,1개/1개,36세대,복도식,세종시리슈빌S(도시형),,,,,,,,,,,,,,,,,,,,,,,,,,,,,,,,,,,,,,,,,,,,,,,,,,,,,,,,,,,,,,,,,,,,,,,,,,,,,,,,,,,,,,,,,,,,,,,,,,,,,,,,,,,,,,,,,,,,,,,,,,,,,,,,,,,,,,,,,,,,,,,,,,,,,,,,,,,,,,,,,,,,,,,,,,,,,,,,,,,,,,,,,,,,,,,,,,,,,,,,,,,,,,,,,,,,,,,,,,,,,,,,,,,,
0,756대(세대당 1.2),"HT005, HF002",세종시 세종시 갈매로 480,세종시 세종시 어진동 603,17층/26층,164%,14%,"85㎡, 110A㎡, 111B㎡, 139",(주)포스코건설,044-866-0821,127.269287,36.506321,85.03/59.82,3개/2개,104세대,계단식,110.73/84.73,3개/2개,335세대,계단식,111.02/84.73,3개/2개,111세대,계단식,139.05/110.59,4개/2개,76세대,계단식,한뜰마을2단지세종더샵센트럴시티,,,,,,,,,,,,,,,,,,,,,,,,,,,,,,,,,,,,,,,,,,,,,,,,,,,,,,,,,,,,,,,,,,,,,,,,,,,,,,,,,,,,,,,,,,,,,,,,,,,,,,,,,,,,,,,,,,,,,,,,,,,,,,,,,,,,,,,,,,,,,,,,,,,,,,,,,,,,,,,,,,,,,,,,,,,,,,,,,,,,,,,,,,,,,,,,,,,,,,,,,,,,,,,,,,,,,,,,,,,,,,,,,,,,
0,617대(세대당 1.2),"HT005, HF002",세종시 세종시 다솜로 290,세종시 세종시 어진동 613,2층/12층,133%,31%,"109C㎡, 110A㎡, 110B㎡, 142㎡, 142G㎡, 161T",(주)포스코건설,044-862-2595,127.274491,36.504893,109.63/84.99,3개/2개,129세대,계단식,110.56/84.73,3개/2개,189세대,계단식,110.61/84.73,3개/2개,87세대,계단식,142.5/110.59,4개/2개,53세대,계단식,한뜰마을3단지세종더샵레이크파크,142.5/110.59,4개/2개,17세대,계단식,161.22/118.83,4개/2개,36세대,계단식,,,,,,,,,,,,,,,,,,,,,,,,,,,,,,,,,,,,,,,,,,,,,,,,,,,,,,,,,,,,,,,,,,,,,,,,,,,,,,,,,,,,,,,,,,,,,,,,,,,,,,,,,,,,,,,,,,,,,,,,,,,,,,,,,,,,,,,,,,,,,,,,,,,,,,,,,,,,,,,,,,,,,,,,,,,,,,,,,,,,,,,,,,,,,,,,,,,,,,,,,,,,,,,,,,,,,,,,,,,,
0,190대(세대당 0.65),"HT005, HF002",세종시 세종시 가름로 253,세종시 세종시 어진동 649,2층/17층,499%,76%,"25A㎡, 26B㎡, 26C㎡, 29D",(주)우석건설,044-868-5739,127.267252,36.495039,25.71/17.42,1개/1개,72세대,복도식,26.3/17.83,1개/1개,128세대,복도식,26.66/18.16,1개/1개,8세대,복도식,29.16/19.93,1개/1개,80세대,복도식,호수의아침(도시형),,,,,,,,,,,,,,,,,,,,,,,,,,,,,,,,,,,,,,,,,,,,,,,,,,,,,,,,,,,,,,,,,,,,,,,,,,,,,,,,,,,,,,,,,,,,,,,,,,,,,,,,,,,,,,,,,,,,,,,,,,,,,,,,,,,,,,,,,,,,,,,,,,,,,,,,,,,,,,,,,,,,,,,,,,,,,,,,,,,,,,,,,,,,,,,,,,,,,,,,,,,,,,,,,,,,,,,,,,,,,,,,,,,,
0,318대(세대당 0.72),"HT001, HF001",세종시 세종시 연동면 태산로 58,세종시 세종시 연동면 명학리 255,9층/10층,129%,16%,"40㎡, 52㎡, 63㎡, 73",원건설(주),044-868-4868,127.350437,36.529501,40.3/31.75,2개/1개,79세대,계단식,52.45/41.32,2개/1개,120세대,계단식,63.34/49.27,2개/1개,140세대,계단식,73.91/59.85,3개/1개,100세대,계단식,세종청정,,,,,,,,,,,,,,,,,,,,,,,,,,,,,,,,,,,,,,,,,,,,,,,,,,,,,,,,,,,,,,,,,,,,,,,,,,,,,,,,,,,,,,,,,,,,,,,,,,,,,,,,,,,,,,,,,,,,,,,,,,,,,,,,,,,,,,,,,,,,,,,,,,,,,,,,,,,,,,,,,,,,,,,,,,,,,,,,,,,,,,,,,,,,,,,,,,,,,,,,,,,,,,,,,,,,,,,,,,,,,,,,,,,,
0,371대(세대당 0.89),"HT001, HF001",세종시 세종시 연서면 당산로 290,세종시 세종시 연서면 봉암리 622,9층/10층,0%,0%,"73㎡, 94",대원종합건설(주),044-867-1002,127.280151,36.559856,73.76/59.85,3개/1개,174세대,계단식,94.35/79.62,3개/2개,240세대,계단식,,,,,,,,,대원네스트빌,,,,,,,,,,,,,,,,,,,,,,,,,,,,,,,,,,,,,,,,,,,,,,,,,,,,,,,,,,,,,,,,,,,,,,,,,,,,,,,,,,,,,,,,,,,,,,,,,,,,,,,,,,,,,,,,,,,,,,,,,,,,,,,,,,,,,,,,,,,,,,,,,,,,,,,,,,,,,,,,,,,,,,,,,,,,,,,,,,,,,,,,,,,,,,,,,,,,,,,,,,,,,,,,,,,,,,,,,,,,,,,,,,,,
0,108대(세대당 0.54),"HT001, HF001",세종시 세종시 전의면 동교동촌2길 16,세종시 세종시 전의면 동교리 213-28,12층/15층,321%,27%,"65㎡, 86",성호건설(주),044-862-1884,127.205516,36.683044,65.16/44.82,2개/1개,12세대,복도식,86.88/59.76,2개/1개,185세대,복도식,,,,,,,,,성호늘푸른,,,,,,,,,,,,,,,,,,,,,,,,,,,,,,,,,,,,,,,,,,,,,,,,,,,,,,,,,,,,,,,,,,,,,,,,,,,,,,,,,,,,,,,,,,,,,,,,,,,,,,,,,,,,,,,,,,,,,,,,,,,,,,,,,,,,,,,,,,,,,,,,,,,,,,,,,,,,,,,,,,,,,,,,,,,,,,,,,,,,,,,,,,,,,,,,,,,,,,,,,,,,,,,,,,,,,,,,,,,,,,,,,,,,
0,1339대(세대당 1.36),"HT001, HF001",세종시 세종시 조치원읍 섭골길 59,세종시 세종시 조치원읍 신안리 542,10층/20층,239%,20%,"115B㎡, 115A㎡, 129B㎡, 130A㎡, 130C㎡, 157A㎡, 158B㎡, 181",대림산업(주),044-865-7250,127.284239,36.615656,115.51/84.7,3개/2개,193세대,계단식,115.02/84.38,3개/2개,78세대,계단식,129.35/99.65,3개/2개,253세대,계단식,130.59/103.22,3개/2개,40세대,계단식,e-편한세상세종,130.22/101.68,3개/2개,29세대,계단식,157.26/125.7,4개/2개,158세대,계단식,158.55/125.54,4개/2개,116세대,계단식,181.52/152.78,4개/2개,116세대,계단식,,,,,,,,,,,,,,,,,,,,,,,,,,,,,,,,,,,,,,,,,,,,,,,,,,,,,,,,,,,,,,,,,,,,,,,,,,,,,,,,,,,,,,,,,,,,,,,,,,,,,,,,,,,,,,,,,,,,,,,,,,,,,,,,,,,,,,,,,,,,,,,,,,,,,,,,,,,,,,,,,,,,,,,,,,,,,,,,,,,,,,,,,,,,,,,,,,,,,,,,,,,,,,,,,,,,
0,0대(세대당 0.0),"HT001, HF001",세종시 세종시 조치원읍 새내로 143,세종시 세종시 조치원읍 교리 11-1,12층/12층,295%,27%,"59A㎡, 59B㎡, 76㎡, 78A㎡, 80B㎡, 83",계룡건설,044-864-0173,127.297072,36.604639,59.28/59.28,2개/1개,60세대,복도식,59.61/59.61,2개/1개,24세대,복도식,76.47/76.47,3개/1개,12세대,복도식,78.24/78.24,3개/1개,24세대,복도식,계룡,80.85/80.85,3개/1개,12세대,복도식,83.1/83.1,3개/1개,24세대,복도식,,,,,,,,,,,,,,,,,,,,,,,,,,,,,,,,,,,,,,,,,,,,,,,,,,,,,,,,,,,,,,,,,,,,,,,,,,,,,,,,,,,,,,,,,,,,,,,,,,,,,,,,,,,,,,,,,,,,,,,,,,,,,,,,,,,,,,,,,,,,,,,,,,,,,,,,,,,,,,,,,,,,,,,,,,,,,,,,,,,,,,,,,,,,,,,,,,,,,,,,,,,,,,,,,,,,,,,,,,,,
0,392대(세대당 1.0),"HT001, HF001",세종시 세종시 조치원읍 조치원4길 176,세종시 세종시 조치원읍 남리 456,8층/15층,324%,27%,"78㎡, 99",경일종합건설(주),044-863-1657,127.300945,36.594054,78.48/65.78,2개/1개,30세대,계단식,99.33/83.25,3개/2개,362세대,계단식,,,,,,,,,다원파크리안,,,,,,,,,,,,,,,,,,,,,,,,,,,,,,,,,,,,,,,,,,,,,,,,,,,,,,,,,,,,,,,,,,,,,,,,,,,,,,,,,,,,,,,,,,,,,,,,,,,,,,,,,,,,,,,,,,,,,,,,,,,,,,,,,,,,,,,,,,,,,,,,,,,,,,,,,,,,,,,,,,,,,,,,,,,,,,,,,,,,,,,,,,,,,,,,,,,,,,,,,,,,,,,,,,,,,,,,,,,,,,,,,,,,
0,95대(세대당 0.54),"HT001, HF001",세종시 세종시 조치원읍 도장말길 45,세종시 세종시 조치원읍 죽림리 167,11층/15층,262%,27%,"72㎡, 89㎡, 105",(주)삼정주택,044-865-0473,127.29591,36.590979,72.73/61.9,3개/1개,60세대,복도식,89.26/72.81,3개/1개,53세대,복도식,105.79/84.93,3개/2개,60세대,계단식,,,,,삼정하이츠,,,,,,,,,,,,,,,,,,,,,,,,,,,,,,,,,,,,,,,,,,,,,,,,,,,,,,,,,,,,,,,,,,,,,,,,,,,,,,,,,,,,,,,,,,,,,,,,,,,,,,,,,,,,,,,,,,,,,,,,,,,,,,,,,,,,,,,,,,,,,,,,,,,,,,,,,,,,,,,,,,,,,,,,,,,,,,,,,,,,,,,,,,,,,,,,,,,,,,,,,,,,,,,,,,,,,,,,,,,,,,,,,,,,
0,379대(세대당 0.82),"HT001, HF001",세종시 세종시 조치원읍 산막2길 7,세종시 세종시 조치원읍 죽림리 92,8층/20층,164%,11%,"76㎡, 100㎡, 130",신동아건설(주),044-866-9738,127.296364,36.592676,76.28/59.76,3개/1개,226세대,복도식,100.26/84.98,3개/2개,197세대,계단식,130.19/114.91,4개/2개,36세대,계단식,,,,,신동아,,,,,,,,,,,,,,,,,,,,,,,,,,,,,,,,,,,,,,,,,,,,,,,,,,,,,,,,,,,,,,,,,,,,,,,,,,,,,,,,,,,,,,,,,,,,,,,,,,,,,,,,,,,,,,,,,,,,,,,,,,,,,,,,,,,,,,,,,,,,,,,,,,,,,,,,,,,,,,,,,,,,,,,,,,,,,,,,,,,,,,,,,,,,,,,,,,,,,,,,,,,,,,,,,,,,,,,,,,,,,,,,,,,,
0,0대(세대당 0.0),"HT001, HF001",세종시 세종시 조치원읍 이화로 5,세종시 세종시 조치원읍 신흥리 393,20층/20층,0%,0%,"68㎡, 80A㎡, 83B㎡, 108㎡, 108","계룡산업건설(주),삼정건설(주)",044-865-8306,127.290035,36.594269,68.85/49.29,2개/1개,294세대,계단식,80.58/59.99,3개/1개,240세대,계단식,83.8/59.99,3개/1개,120세대,계단식,108.19/84.84,3개/2개,300세대,계단식,신흥주공2단지,108.03/84.8,3개/2개,20세대,계단식,,,,,,,,,,,,,,,,,,,,,,,,,,,,,,,,,,,,,,,,,,,,,,,,,,,,,,,,,,,,,,,,,,,,,,,,,,,,,,,,,,,,,,,,,,,,,,,,,,,,,,,,,,,,,,,,,,,,,,,,,,,,,,,,,,,,,,,,,,,,,,,,,,,,,,,,,,,,,,,,,,,,,,,,,,,,,,,,,,,,,,,,,,,,,,,,,,,,,,,,,,,,,,,,,,,,,,,,,,,,,,,,
0,1075대(세대당 1.34),"HT001, HF001",세종시 세종시 조치원읍 도원1로 16,세종시 세종시 조치원읍 신흥리 398,14층/15층,219%,18%,"109㎡, 134㎡, 157㎡, 179",대우건설,044-868-0025,127.28985,36.592502,109.46/84.92,3개/2개,412세대,계단식,134.8/104.9,3개/2개,210세대,계단식,157.96/126.69,4개/2개,120세대,계단식,179.33/144.25,4개/2개,60세대,계단식,신흥푸르지오,,,,,,,,,,,,,,,,,,,,,,,,,,,,,,,,,,,,,,,,,,,,,,,,,,,,,,,,,,,,,,,,,,,,,,,,,,,,,,,,,,,,,,,,,,,,,,,,,,,,,,,,,,,,,,,,,,,,,,,,,,,,,,,,,,,,,,,,,,,,,,,,,,,,,,,,,,,,,,,,,,,,,,,,,,,,,,,,,,,,,,,,,,,,,,,,,,,,,,,,,,,,,,,,,,,,,,,,,,,,,,,,,,,,
0,785대(세대당 0.64),"HT001, HF001",세종시 세종시 조치원읍 충현로 159,세종시 세종시 조치원읍 침산리 89,16층/25층,0%,0%,"81㎡, 108㎡, 125㎡, 161",주은건설,044-867-4660,127.293109,36.602849,81.03/59.99,3개/1개,596세대,계단식,108/84.99,3개/2개,432세대,계단식,125.63/101.31,4개/2개,90세대,계단식,161.44/134.45,4개/2개,90세대,계단식,욱일,,,,,,,,,,,,,,,,,,,,,,,,,,,,,,,,,,,,,,,,,,,,,,,,,,,,,,,,,,,,,,,,,,,,,,,,,,,,,,,,,,,,,,,,,,,,,,,,,,,,,,,,,,,,,,,,,,,,,,,,,,,,,,,,,,,,,,,,,,,,,,,,,,,,,,,,,,,,,,,,,,,,,,,,,,,,,,,,,,,,,,,,,,,,,,,,,,,,,,,,,,,,,,,,,,,,,,,,,,,,,,,,,,,,
0,216대(세대당 0.72),"HT001, HF001",세종시 세종시 조치원읍 신안새동네길 26-10,세종시 세종시 조치원읍 신안리 35-3,7층/14층,272%,34%,"34㎡, 37",(주)일신건설,044-866-0110,127.291636,36.614826,34.43/25.82,1개/1개,19세대,복도식,37.55/28.16,1개/1개,280세대,복도식,,,,,,,,,일신유니-빌,,,,,,,,,,,,,,,,,,,,,,,,,,,,,,,,,,,,,,,,,,,,,,,,,,,,,,,,,,,,,,,,,,,,,,,,,,,,,,,,,,,,,,,,,,,,,,,,,,,,,,,,,,,,,,,,,,,,,,,,,,,,,,,,,,,,,,,,,,,,,,,,,,,,,,,,,,,,,,,,,,,,,,,,,,,,,,,,,,,,,,,,,,,,,,,,,,,,,,,,,,,,,,,,,,,,,,,,,,,,,,,,,,,,
0,1966대(세대당 1.37),"HT001, HF001",세종시 세종시 조치원읍 도원로 16,세종시 세종시 조치원읍 죽림리 396,10층/15층,218%,18%,"106㎡, 113㎡, 154㎡, 182",GS건설,044-868-3556,127.290005,36.590241,106.74/84.66,3개/2개,953세대,계단식,113.59/84.66,3개/2개,86세대,계단식,154.54/128.94,4개/2개,346세대,계단식,182.08/154.54,4개/2개,44세대,계단식,자이,,,,,,,,,,,,,,,,,,,,,,,,,,,,,,,,,,,,,,,,,,,,,,,,,,,,,,,,,,,,,,,,,,,,,,,,,,,,,,,,,,,,,,,,,,,,,,,,,,,,,,,,,,,,,,,,,,,,,,,,,,,,,,,,,,,,,,,,,,,,,,,,,,,,,,,,,,,,,,,,,,,,,,,,,,,,,,,,,,,,,,,,,,,,,,,,,,,,,,,,,,,,,,,,,,,,,,,,,,,,,,,,,,,,
0,366대(세대당 1.25),"HT001, HF001",세종시 세종시 조치원읍 도장말길 30,세종시 세종시 조치원읍 죽림리 393,12층/15층,238%,20%,"108㎡, 112A㎡, 112C㎡, 112B㎡, 119㎡, 153A㎡, 153B㎡, 153C㎡, 153D㎡, 154㎡, 199A㎡, 199B㎡, 199C",신동아건설(주),044-864-4898,127.297686,36.589836,108.23/84.86,3개/2개,115세대,계단식,112.73/84.83,3개/2개,24세대,계단식,112.46/84.89,3개/2개,21세대,계단식,112.73/84.83,3개/2개,6세대,계단식,조치원신동아파밀리에,119.83/84.87,3개/2개,14세대,계단식,153.48/121.68,4개/2개,24세대,계단식,153.48/121.68,4개/2개,24세대,계단식,153.48/121.68,4개/2개,12세대,계단식,153.48/121.68,4개/2개,12세대,계단식,154.72/120.63,4개/2개,30세대,계단식,199.82/157.22,5개/2개,3세대,계단식,199.82/157.22,4개/2개,3세대,계단식,199.82/157.22,4개/2개,3세대,계단식,,,,,,,,,,,,,,,,,,,,,,,,,,,,,,,,,,,,,,,,,,,,,,,,,,,,,,,,,,,,,,,,,,,,,,,,,,,,,,,,,,,,,,,,,,,,,,,,,,,,,,,,,,,,,,,,,,,,,,,,,,,,,,,,,,,,,,,,,,,,,,,,,,,,,,,,,,,,,,,,,,,,,,,,,,,,,,,,,,,,,,,,,,,,,,,,
0,892대(세대당 1.3),"HT001, HF001",세종시 세종시 조치원읍 이화1로 15,세종시 세종시 조치원읍 신흥리 399,15층/21층,237%,20%,"112B㎡, 112A㎡, 152㎡, 188㎡, 219",(주)삼호,044-866-5567,127.285717,36.593541,112.56/84.97,3개/2개,208세대,계단식,112.53/84.97,3개/2개,201세대,계단식,152.41/118.19,4개/2개,172세대,계단식,188.77/151.65,4개/2개,68세대,계단식,조치원신흥e-편한세상,219.25/176.34,4개/2개,32세대,계단식,,,,,,,,,,,,,,,,,,,,,,,,,,,,,,,,,,,,,,,,,,,,,,,,,,,,,,,,,,,,,,,,,,,,,,,,,,,,,,,,,,,,,,,,,,,,,,,,,,,,,,,,,,,,,,,,,,,,,,,,,,,,,,,,,,,,,,,,,,,,,,,,,,,,,,,,,,,,,,,,,,,,,,,,,,,,,,,,,,,,,,,,,,,,,,,,,,,,,,,,,,,,,,,,,,,,,,,,,,,,,,,,
0,347대(세대당 1.21),"HT001, HF001",세종시 세종시 조치원읍 죽림본로 33-6,세종시 세종시 조치원읍 죽림리 389,12층/15층,210%,19%,"109㎡, 134",(주)대우건설,044-868-8802,127.294717,36.590505,109.21/84.92,3개/2개,172세대,계단식,134.81/104.9,3개/2개,114세대,계단식,,,,,,,,,조치원죽림푸르지오,,,,,,,,,,,,,,,,,,,,,,,,,,,,,,,,,,,,,,,,,,,,,,,,,,,,,,,,,,,,,,,,,,,,,,,,,,,,,,,,,,,,,,,,,,,,,,,,,,,,,,,,,,,,,,,,,,,,,,,,,,,,,,,,,,,,,,,,,,,,,,,,,,,,,,,,,,,,,,,,,,,,,,,,,,,,,,,,,,,,,,,,,,,,,,,,,,,,,,,,,,,,,,,,,,,,,,,,,,,,,,,,,,,,
0,0대(세대당 0.0),"HT001, HF001",세종시 세종시 조치원읍 운주산로 60,세종시 세종시 조치원읍 신안리 244-1,5층/6층,128%,30%,"54㎡, 76",조형건설,044-865-7636,127.289739,36.63511,54.82/39.97,3개/1개,260세대,계단식,76.51/58.35,3개/1개,232세대,계단식,,,,,,,,,조형,,,,,,,,,,,,,,,,,,,,,,,,,,,,,,,,,,,,,,,,,,,,,,,,,,,,,,,,,,,,,,,,,,,,,,,,,,,,,,,,,,,,,,,,,,,,,,,,,,,,,,,,,,,,,,,,,,,,,,,,,,,,,,,,,,,,,,,,,,,,,,,,,,,,,,,,,,,,,,,,,,,,,,,,,,,,,,,,,,,,,,,,,,,,,,,,,,,,,,,,,,,,,,,,,,,,,,,,,,,,,,,,,,,,
0,0대(세대당 0.0),"HT001, HF001",세종시 세종시 조치원읍 군청로 23,세종시 세종시 조치원읍 번암리 75-2,5층/5층,105%,21%,"45A㎡, 45B㎡, 52A㎡, 52B",대한주택공사,044-865-3393,127.293726,36.586586,45.15/39.3,2개/1개,180세대,계단식,45.54/39.69,2개/1개,120세대,계단식,52.53/46.68,3개/1개,90세대,계단식,52.86/47.01,3개/1개,90세대,계단식,주공,,,,,,,,,,,,,,,,,,,,,,,,,,,,,,,,,,,,,,,,,,,,,,,,,,,,,,,,,,,,,,,,,,,,,,,,,,,,,,,,,,,,,,,,,,,,,,,,,,,,,,,,,,,,,,,,,,,,,,,,,,,,,,,,,,,,,,,,,,,,,,,,,,,,,,,,,,,,,,,,,,,,,,,,,,,,,,,,,,,,,,,,,,,,,,,,,,,,,,,,,,,,,,,,,,,,,,,,,,,,,,,,,,,,
0,626대(세대당 1.22),"HT001, HF001",세종시 세종시 조치원읍 산막길 17,세종시 세종시 조치원읍 죽림리 72,13층/15층,228%,22%,"110B㎡, 111A㎡, 129C㎡, 130B㎡, 131A㎡, 159B㎡, 160C㎡, 161A",(주)우방,044-863-8678,127.295102,36.593795,110.1/84.72,3개/2개,144세대,계단식,111.09/84.8,3개/2개,141세대,계단식,129.79/105.59,3개/2개,28세대,계단식,130.47/104.6,3개/2개,29세대,계단식,죽림우방유쉘,131.48/105.55,3개/2개,29세대,계단식,159.54/130.78,4개/2개,29세대,계단식,160.15/131.58,4개/2개,29세대,계단식,161/130.21,4개/2개,84세대,계단식,,,,,,,,,,,,,,,,,,,,,,,,,,,,,,,,,,,,,,,,,,,,,,,,,,,,,,,,,,,,,,,,,,,,,,,,,,,,,,,,,,,,,,,,,,,,,,,,,,,,,,,,,,,,,,,,,,,,,,,,,,,,,,,,,,,,,,,,,,,,,,,,,,,,,,,,,,,,,,,,,,,,,,,,,,,,,,,,,,,,,,,,,,,,,,,,,,,,,,,,,,,,,,,,,,,,
0,535대(세대당 1.22),"HT005, HF002",세종시 세종시 도움1로 74,세종시 세종시 종촌동 656,11층/15층,145%,16%,"111㎡, 134",제일건설(주),044-862-5925,127.251555,36.502635,111.61/84.93,3개/2개,247세대,계단식,134.83/108.39,4개/2개,189세대,계단식,,,,,,,,,가재10단지제일풍경채에듀파크,,,,,,,,,,,,,,,,,,,,,,,,,,,,,,,,,,,,,,,,,,,,,,,,,,,,,,,,,,,,,,,,,,,,,,,,,,,,,,,,,,,,,,,,,,,,,,,,,,,,,,,,,,,,,,,,,,,,,,,,,,,,,,,,,,,,,,,,,,,,,,,,,,,,,,,,,,,,,,,,,,,,,,,,,,,,,,,,,,,,,,,,,,,,,,,,,,,,,,,,,,,,,,,,,,,,,,,,,,,,,,,,,,,,
0,843대(세대당 1.21),"HT005, HF002",세종시 세종시 도움3로 75,세종시 세종시 종촌동 654,14층/15층,152%,17%,"79A㎡, 81B㎡, 81C㎡, 113A㎡, 114C㎡, 114B",한신공영(주),044-868-5430,127.252584,36.503673,79.96/59.61,3개/2개,274세대,계단식,81.37/59.93,3개/2개,84세대,계단식,81/59.93,3개/2개,42세대,계단식,113.2/84.81,4개/2개,237세대,계단식,가재11단지한신휴플러스,114.66/84.99,3개/2개,30세대,계단식,114.51/84.97,3개/2개,29세대,계단식,,,,,,,,,,,,,,,,,,,,,,,,,,,,,,,,,,,,,,,,,,,,,,,,,,,,,,,,,,,,,,,,,,,,,,,,,,,,,,,,,,,,,,,,,,,,,,,,,,,,,,,,,,,,,,,,,,,,,,,,,,,,,,,,,,,,,,,,,,,,,,,,,,,,,,,,,,,,,,,,,,,,,,,,,,,,,,,,,,,,,,,,,,,,,,,,,,,,,,,,,,,,,,,,,,,,,,,,,,,,
0,1735대(세대당 1.26),"HT005, HF002",세종시 세종시 달빛로 80,세종시 세종시 종촌동 652,22층/29층,176%,12%,"110A㎡, 110B㎡, 138C",중흥건설(주),044-868-7305,127.251707,36.505663,110.98/84.99,3개/2개,957세대,계단식,110.91/84.99,3개/2개,260세대,계단식,138.48/106.76,4개/2개,154세대,계단식,,,,,가재12단지중흥S-클래스센텀파크2차,,,,,,,,,,,,,,,,,,,,,,,,,,,,,,,,,,,,,,,,,,,,,,,,,,,,,,,,,,,,,,,,,,,,,,,,,,,,,,,,,,,,,,,,,,,,,,,,,,,,,,,,,,,,,,,,,,,,,,,,,,,,,,,,,,,,,,,,,,,,,,,,,,,,,,,,,,,,,,,,,,,,,,,,,,,,,,,,,,,,,,,,,,,,,,,,,,,,,,,,,,,,,,,,,,,,,,,,,,,,,,,,,,,,
0,684대(세대당 1.22),"HT005, HF002",세종시 세종시 달빛1로 39,세종시 세종시 종촌동 683,12층/18층,152%,16%,"79B㎡, 79C㎡, 80A㎡, 112",(주)호반건설,044-864-5820,127.243874,36.503,79.64/59.93,3개/2개,121세대,계단식,79.89/59.99,3개/2개,30세대,계단식,80.42/59.86,3개/2개,183세대,계단식,112.17/84.98,3개/2개,223세대,계단식,가재2단지베르디움,,,,,,,,,,,,,,,,,,,,,,,,,,,,,,,,,,,,,,,,,,,,,,,,,,,,,,,,,,,,,,,,,,,,,,,,,,,,,,,,,,,,,,,,,,,,,,,,,,,,,,,,,,,,,,,,,,,,,,,,,,,,,,,,,,,,,,,,,,,,,,,,,,,,,,,,,,,,,,,,,,,,,,,,,,,,,,,,,,,,,,,,,,,,,,,,,,,,,,,,,,,,,,,,,,,,,,,,,,,,,,,,,,,,
0,786대(세대당 1.4),"HT005, HF002",세종시 세종시 도움3로 159,세종시 세종시 종촌동 679,12층/18층,141%,15%,"110㎡, 136",중흥건설(주),044-868-6308,127.243213,36.504392,110.96/84.69,3개/2개,200세대,계단식,136.66/108.8,4개/2개,359세대,계단식,,,,,,,,,가재3단지중흥S-클래스에듀타운,,,,,,,,,,,,,,,,,,,,,,,,,,,,,,,,,,,,,,,,,,,,,,,,,,,,,,,,,,,,,,,,,,,,,,,,,,,,,,,,,,,,,,,,,,,,,,,,,,,,,,,,,,,,,,,,,,,,,,,,,,,,,,,,,,,,,,,,,,,,,,,,,,,,,,,,,,,,,,,,,,,,,,,,,,,,,,,,,,,,,,,,,,,,,,,,,,,,,,,,,,,,,,,,,,,,,,,,,,,,,,,,,,,,
0,1953대(세대당 1.2),"HT005, HF002",세종시 세종시 도움3로 160,세종시 세종시 종촌동 640,18층/30층,173%,11%,"98B㎡, 99A㎡, 99AN㎡, 112A1㎡, 112B1㎡, 112A㎡, 112B",동부건설(주),044-868-7626,127.243657,36.506928,98.98/74.94,3개/2개,90세대,계단식,99.03/74.98,3개/2개,776세대,계단식,99.03/74.98,3개/2개,18세대,계단식,112.26/84.99,3개/2개,402세대,계단식,가재4단지세종센트레빌,112.2/84.95,3개/2개,201세대,계단식,112.2/84.95,3개/2개,68세대,계단식,112.19/84.94,3개/2개,68세대,계단식,,,,,,,,,,,,,,,,,,,,,,,,,,,,,,,,,,,,,,,,,,,,,,,,,,,,,,,,,,,,,,,,,,,,,,,,,,,,,,,,,,,,,,,,,,,,,,,,,,,,,,,,,,,,,,,,,,,,,,,,,,,,,,,,,,,,,,,,,,,,,,,,,,,,,,,,,,,,,,,,,,,,,,,,,,,,,,,,,,,,,,,,,,,,,,,,,,,,,,,,,,,,,,,,,,,,,,,,
0,378대(세대당 1.21),"HT005, HF002",세종시 세종시 달빛1로 74,세종시 세종시 종촌동 644,26층/27층,175%,11%,"102A㎡, 103B",세경건설(주),044-867-9924,127.245841,36.505869,102.62/84.29,3개/2개,145세대,계단식,103.24/84.67,4개/2개,147세대,계단식,,,,,,,,,가재6단지세경,,,,,,,,,,,,,,,,,,,,,,,,,,,,,,,,,,,,,,,,,,,,,,,,,,,,,,,,,,,,,,,,,,,,,,,,,,,,,,,,,,,,,,,,,,,,,,,,,,,,,,,,,,,,,,,,,,,,,,,,,,,,,,,,,,,,,,,,,,,,,,,,,,,,,,,,,,,,,,,,,,,,,,,,,,,,,,,,,,,,,,,,,,,,,,,,,,,,,,,,,,,,,,,,,,,,,,,,,,,,,,,,,,,,
0,1321대(세대당 1.38),"HT005, HF002",세종시 세종시 도움1로 55,세종시 세종시 종촌동 697,17층/29층,172%,12%,"94A㎡, 94B㎡, 111A㎡, 112B㎡, 112C㎡, 124B㎡, 124A㎡, 125C㎡, 149A㎡, 149B",한신공영(주),044-867-2266,127.253276,36.500319,94.16/67.96,3개/2개,26세대,계단식,94.98/67.92,3개/2개,26세대,계단식,111.95/84.92,3개/2개,152세대,계단식,112.14/84.81,3개/2개,182세대,계단식,가재9단지세종한신휴플러스리버파크,112.15/84.66,3개/2개,182세대,계단식,124.42/96.31,4개/2개,100세대,계단식,124.39/96.31,4개/2개,70세대,계단식,125.1/96.28,4개/2개,53세대,계단식,149.41/120.86,4개/2개,108세대,계단식,149.99/120.48,4개/2개,56세대,계단식,,,,,,,,,,,,,,,,,,,,,,,,,,,,,,,,,,,,,,,,,,,,,,,,,,,,,,,,,,,,,,,,,,,,,,,,,,,,,,,,,,,,,,,,,,,,,,,,,,,,,,,,,,,,,,,,,,,,,,,,,,,,,,,,,,,,,,,,,,,,,,,,,,,,,,,,,,,,,,,,,,,,,,,,,,,,,,,,,,,,,,,,,,,,,,,,,,,,,,,,,,,,
0,2340대(세대당 1.2),"HT005, HF002",세종시 세종시 도움1로 105,세종시 세종시 종촌동 690,14층/30층,182%,13%,"82A㎡, 82B㎡, 110",현대엔지니어링(주),044-864-9881,127.247254,36.500712,82.05/59.93,3개/2개,1062세대,계단식,82.19/59.94,3개/2개,166세대,계단식,110.64/84.94,3개/2개,712세대,계단식,,,,,가재마을5단지세종엠코타운,,,,,,,,,,,,,,,,,,,,,,,,,,,,,,,,,,,,,,,,,,,,,,,,,,,,,,,,,,,,,,,,,,,,,,,,,,,,,,,,,,,,,,,,,,,,,,,,,,,,,,,,,,,,,,,,,,,,,,,,,,,,,,,,,,,,,,,,,,,,,,,,,,,,,,,,,,,,,,,,,,,,,,,,,,,,,,,,,,,,,,,,,,,,,,,,,,,,,,,,,,,,,,,,,,,,,,,,,,,,,,,,,,,,
0,1115대(세대당 1.28),"HT005, HF002",세종시 세종시 달빛로 77,세종시 세종시 종촌동 649,26층/30층,177%,11%,"110A㎡, 110B㎡, 137",중흥건설(주),044-867-7207,127.248192,36.506963,110.25/84.99,3개/2개,490세대,계단식,110.18/84.99,3개/2개,141세대,계단식,137.55/106.76,4개/2개,235세대,계단식,,,,,가재마을7단지중흥S-클래스센텀파크1차,,,,,,,,,,,,,,,,,,,,,,,,,,,,,,,,,,,,,,,,,,,,,,,,,,,,,,,,,,,,,,,,,,,,,,,,,,,,,,,,,,,,,,,,,,,,,,,,,,,,,,,,,,,,,,,,,,,,,,,,,,,,,,,,,,,,,,,,,,,,,,,,,,,,,,,,,,,,,,,,,,,,,,,,,,,,,,,,,,,,,,,,,,,,,,,,,,,,,,,,,,,,,,,,,,,,,,,,,,,,,,,,,,,,
0,1114대(세대당 1.24),"HT005, HF002",세종시 세종시 노을3로 14,세종시 세종시 한솔동 939,4층/30층,163%,28%,"81B2㎡, 82A2㎡, 82B1㎡, 82A1㎡, 116A2-2㎡, 116B1㎡, 116A1-2㎡, 116A1-1㎡, 116G1㎡, 116G2㎡, 116A2-1㎡, 116E㎡, 116H1㎡, 116H2㎡, 116I㎡, 140A㎡, 141D㎡, 141E㎡, 164A㎡, 164E㎡, 164D㎡, 164F㎡, 164G㎡, 193A㎡, 205A㎡, 205D㎡, 205E",금호산업(주),044-867-0061,127.258211,36.481691,81.83/59.61,2개/2개,29세대,계단식,82.13/59.83,2개/2개,64세대,계단식,82.21/59.89,2개/2개,32세대,계단식,82.13/59.83,2개/2개,31세대,계단식,첫마을1단지퍼스트프라임,116.56/84.91,3개/2개,124세대,계단식,116.51/84.87,3개/2개,108세대,계단식,116.63/84.96,3개/2개,98세대,계단식,116.63/84.96,3개/2개,40세대,계단식,116.67/84.99,3개/2개,16세대,계단식,116.42/84.81,3개/2개,16세대,계단식,116.63/84.96,3개/2개,11세대,계단식,116.57/84.92,3개/2개,3세대,계단식,116.2/84.65,3개/2개,3세대,계단식,116.42/84.81,3개/2개,3세대,계단식,116.15/84.61,3개/2개,3세대,계단식,140.89/102.63,3개/2개,72세대,계단식,141.34/102.96,3개/2개,7세대,계단식,141.11/102.79,3개/2개,2세대,계단식,164.43/119.78,3개/2개,84세대,계단식,164.54/119.86,3개/2개,67세대,계단식,164.42/119.77,3개/2개,65세대,계단식,164.17/119.59,3개/2개,3세대,계단식,164.53/119.85,3개/2개,2세대,계단식,193.14/140.69,3개/2개,3세대,계단식,205.89/149.98,3개/2개,3세대,계단식,205.81/149.92,3개/2개,3세대,계단식,205.26/149.52,3개/2개,3세대,계단식,,,,,,,,,,,,,,,,,,,,,,,,,,,,,,,,,,,,,,,,,,,,,,,,,,,,,,,,,,,,,,,,,,,,,,,,,,,,,,,,,,,,,,,,,,,,,,,,,,,,,,,,,,,,,,,,,,,,,,,,,,,,,,,,,,,,,,,,
0,599대(세대당 1.34),"HT005, HF002",세종시 세종시 노을3로 19,세종시 세종시 한솔동 940,9층/25층,293%,57%,"74A㎡, 74B㎡, 89A2㎡, 126C1㎡, 126B2㎡, 127A2-2㎡, 127A2-1㎡, 127C2","대보건설(주),대우자동차판매(주)",044-867-0062,127.260033,36.481138,74.26/49.62,1개/1개,248세대,계단식,74.06/49.49,1개/1개,38세대,계단식,89.54/59.83,2개/2개,34세대,계단식,126.93/84.81,3개/2개,34세대,계단식,첫마을2단지퍼스트프라임,126.96/84.83,3개/2개,11세대,계단식,127.07/84.91,3개/2개,68세대,계단식,127.15/84.96,3개/2개,12세대,계단식,127.11/84.91,3개/2개,1세대,계단식,,,,,,,,,,,,,,,,,,,,,,,,,,,,,,,,,,,,,,,,,,,,,,,,,,,,,,,,,,,,,,,,,,,,,,,,,,,,,,,,,,,,,,,,,,,,,,,,,,,,,,,,,,,,,,,,,,,,,,,,,,,,,,,,,,,,,,,,,,,,,,,,,,,,,,,,,,,,,,,,,,,,,,,,,,,,,,,,,,,,,,,,,,,,,,,,,,,,,,,,,,,,,,,,,,,,
0,1099대(세대당 1.21),"HT005, HF002",세종시 세종시 나리1로 16,세종시 세종시 한솔동 947,8층/28층,173%,27%,"82B2㎡, 83A1㎡, 83B1㎡, 117H2㎡, 117G2㎡, 117㎡, 117H1㎡, 117H2-1㎡, 117I㎡, 118B1㎡, 118A㎡, 118A1-2㎡, 118A1-1㎡, 118B㎡, 118G1㎡, 118C㎡, 142B㎡, 143C㎡, 143E㎡, 166B㎡, 166C㎡, 166G㎡, 166F㎡, 195C㎡, 196B㎡, 208B㎡, 208C",한신공영(주),044-867-0063,127.259992,36.478871,82.93/59.61,2개/2개,25세대,계단식,83.23/59.83,2개/2개,72세대,계단식,83.32/59.89,2개/2개,25세대,계단식,117.99/84.81,3개/2개,14세대,계단식,첫마을3단지퍼스트프라임,117.99/84.81,3개/2개,10세대,계단식,117.33/84.34,3개/2개,6세대,계단식,117.76/84.65,3개/2개,3세대,계단식,117.99/84.81,3개/2개,3세대,계단식,117.71/84.61,3개/2개,3세대,계단식,118.07/84.87,3개/2개,121세대,계단식,118.13/84.91,3개/2개,102세대,계단식,118.19/84.96,3개/2개,82세대,계단식,118.19/84.96,3개/2개,69세대,계단식,118.15/84.93,3개/2개,19세대,계단식,118.24/84.99,3개/2개,10세대,계단식,118.01/84.83,3개/2개,9세대,계단식,142.99/102.78,3개/2개,77세대,계단식,143.07/102.84,3개/2개,36세대,계단식,143/102.79,3개/2개,6세대,계단식,166.37/119.59,3개/2개,95세대,계단식,166.92/119.98,3개/2개,87세대,계단식,166.74/119.85,3개/2개,8세대,계단식,166.37/119.59,3개/2개,3세대,계단식,195.53/140.55,3개/2개,4세대,계단식,196.01/140.89,3개/2개,4세대,계단식,208.28/149.71,3개/2개,4세대,계단식,208.38/149.78,3개/2개,4세대,계단식,,,,,,,,,,,,,,,,,,,,,,,,,,,,,,,,,,,,,,,,,,,,,,,,,,,,,,,,,,,,,,,,,,,,,,,,,,,,,,,,,,,,,,,,,,,,,,,,,,,,,,,,,,,,,,,,,,,,,,,,,,,,,,,,,,,,,,,,
0,379대(세대당 1.17),"HT005, HF002",세종시 세종시 누리로 119,세종시 세종시 한솔동 1226,13층/25층,181%,21%,"80㎡, 113","대우건설(주),(주)한화건설,벽산건설(주)",044-868-5034,127.252246,36.48055,80.25/59.95,3개/2개,114세대,계단식,113.38/84.7,3개/2개,208세대,계단식,,,,,,,,,첫마을4단지푸르지오,,,,,,,,,,,,,,,,,,,,,,,,,,,,,,,,,,,,,,,,,,,,,,,,,,,,,,,,,,,,,,,,,,,,,,,,,,,,,,,,,,,,,,,,,,,,,,,,,,,,,,,,,,,,,,,,,,,,,,,,,,,,,,,,,,,,,,,,,,,,,,,,,,,,,,,,,,,,,,,,,,,,,,,,,,,,,,,,,,,,,,,,,,,,,,,,,,,,,,,,,,,,,,,,,,,,,,,,,,,,,,,,,,,,
0,1544대(세대당 1.24),"HT005, HF002",세종시 세종시 누리로 59,세종시 세종시 한솔동 971,7층/28층,139%,17%,"77㎡, 109A㎡, 109B㎡, 130A㎡, 147A㎡, 193A",(주)대우건설 외2,044-868-5035,127.250186,36.476492,77.31/59.95,3개/2개,156세대,계단식,109.12/84.62,3개/2개,368세대,계단식,109.23/84.7,3개/2개,248세대,계단식,130.94/101.54,3개/2개,129세대,계단식,첫마을5단지푸르지오,147.22/114.16,3개/2개,327세대,계단식,193.18/149.8,4개/2개,12세대,계단식,,,,,,,,,,,,,,,,,,,,,,,,,,,,,,,,,,,,,,,,,,,,,,,,,,,,,,,,,,,,,,,,,,,,,,,,,,,,,,,,,,,,,,,,,,,,,,,,,,,,,,,,,,,,,,,,,,,,,,,,,,,,,,,,,,,,,,,,,,,,,,,,,,,,,,,,,,,,,,,,,,,,,,,,,,,,,,,,,,,,,,,,,,,,,,,,,,,,,,,,,,,,,,,,,,,,,,,,,,,,
0,1742대(세대당 1.25),"HT005, HF002",세종시 세종시 누리로 28,세종시 세종시 한솔동 974,10층/29층,130%,13%,"76F㎡, 76G㎡, 109A㎡, 109C㎡, 109D㎡, 109B㎡, 109AN㎡, 131B㎡, 131C㎡, 132A㎡, 148A㎡, 148C㎡, 148B㎡, 193B㎡, 194A㎡, 194C",현대건설(주)외2,044-868-5036,127.253542,36.475413,76.88/59.15,3개/2개,156세대,계단식,76.73/59.03,3개/2개,68세대,계단식,109.33/84.11,3개/2개,325세대,계단식,109.42/84.18,3개/2개,168세대,계단식,첫마을6단지힐스테이트,109.29/84.08,3개/2개,168세대,계단식,109.34/84.12,3개/2개,44세대,계단식,109.33/84.11,3개/2개,21세대,계단식,131.88/101.46,3개/2개,55세대,계단식,131.43/101.11,3개/2개,9세대,계단식,132.2/101.7,3개/2개,56세대,계단식,148.37/114.14,4개/2개,130세대,계단식,148.22/114.03,4개/2개,90세대,계단식,148.43/114.19,4개/2개,86세대,계단식,193.9/149.17,4개/3개,4세대,계단식,194.77/149.84,4개/3개,6세대,계단식,194.46/149.6,4개/2개,2세대,계단식,,,,,,,,,,,,,,,,,,,,,,,,,,,,,,,,,,,,,,,,,,,,,,,,,,,,,,,,,,,,,,,,,,,,,,,,,,,,,,,,,,,,,,,,,,,,,,,,,,,,,,,,,,,,,,,,,,,,,,,,,,,,,,,,,,,,,,,,,,,,,,,,,,,,,,,,,,,,,,,,,,,,,,,,,,,,,,,,,,,,
0,1895대(세대당 1.42),"HT005, HF002",세종시 세종시 나리로 57,세종시 세종시 한솔동 976,8층/30층,186%,17%,"77A㎡, 110A㎡, 111C㎡, 111B㎡, 133B㎡, 133A㎡, 149D㎡, 150A㎡, 150B㎡, 150C㎡, 150AN㎡, 196A㎡, 196B㎡, 196C㎡, 196D",삼성물산(주)외2,044-868-5037,127.256359,36.473248,77.58/59.1,3개/2개,214세대,계단식,110.78/84.39,3개/2개,159세대,계단식,111.33/84.81,3개/2개,154세대,계단식,111.19/84.7,3개/2개,51세대,계단식,첫마을7단지래미안,133.84/101.95,3개/2개,107세대,계단식,133.18/101.45,3개/2개,103세대,계단식,149.97/114.24,3개/2개,3세대,계단식,150.46/114.61,4개/2개,234세대,계단식,150.76/114.84,4개/2개,234세대,계단식,150.44/114.6,4개/2개,44세대,계단식,150.03/114.24,3개/2개,1세대,계단식,196.73/149.86,4개/2개,9세대,계단식,196.55/149.72,4개/2개,9세대,계단식,196.67/149.81,4개/2개,3세대,계단식,196.14/149.41,4개/2개,3세대,계단식,,,,,,,,,,,,,,,,,,,,,,,,,,,,,,,,,,,,,,,,,,,,,,,,,,,,,,,,,,,,,,,,,,,,,,,,,,,,,,,,,,,,,,,,,,,,,,,,,,,,,,,,,,,,,,,,,,,,,,,,,,,,,,,,,,,,,,,,,,,,,,,,,,,,,,,,,,,,,,,,,,,,,,,,,,,,,,,,,,,,,,,,
